path,size
.cirrus.star,1842
.clang-format,1133
.codecov.yml,230
.coveragerc,75
.ctags.d,19
.editorconfig,629
.gitattributes,2430
.gitignore,2289
.gitmodules,882
.mailmap,38039
CITATION.bib,896
CONTRIBUTING.rst,658
INSTALL.rst,5351
LICENSE.txt,1543
LICENSES_bundled.txt,974
README.md,3978
THANKS.txt,3251
azure-pipelines.yml,2997
azure-steps-windows.yml,2133
building_with_meson.md,1869
environment.yml,1007
meson.build,3505
meson.options,2646
pavement.py,5115
pyproject.toml,7296
pytest.ini,1215
.circleci/config.yml,5303
.devcontainer/devcontainer.json,322
.devcontainer/setup.sh,485
.github/CONTRIBUTING.md,1660
.github/PULL_REQUEST_TEMPLATE.md,724
.github/dependabot.yml,192
.github/pr-prefix-labeler.yml,377
.spin/LICENSE,1539
.spin/cmds.py,22018
benchmarks/README.rst,4392
benchmarks/asv.conf.json,3451
benchmarks/asv_compare.conf.json.tpl,4129
benchmarks/asv_pip_nopep517.py,498
doc/BRANCH_WALKTHROUGH.rst,2501
doc/C_STYLE_GUIDE.rst,144
doc/DISTUTILS.rst,23073
doc/EXAMPLE_DOCSTRING.rst,3462
doc/HOWTO_DOCUMENT.rst,110
doc/HOWTO_RELEASE.rst,8595
doc/Makefile,7947
doc/RELEASE_WALKTHROUGH.rst,14261
doc/TESTS.rst,14505
doc/conftest.py,942
doc/make.bat,1799
doc/postprocess.py,1305
doc/preprocess.py,1452
doc/records.rst,3385
doc/ufuncs.rst,3931
meson_cpu/main_config.h.in,13856
meson_cpu/meson.build,10127
numpy/__config__.py.in,5146
numpy/__init__.cython-30.pxd,46396
numpy/__init__.pxd,43030
numpy/__init__.py,22139
numpy/__init__.pyi,175139
numpy/_array_api_info.py,10381
numpy/_array_api_info.pyi,4892
numpy/_configtool.py,1007
numpy/_distributor_init.py,407
numpy/_expired_attrs_2_0.py,3903
numpy/_globals.py,3090
numpy/_pytesttester.py,6287
numpy/_pytesttester.pyi,497
numpy/conftest.py,7987
numpy/ctypeslib.py,18878
numpy/ctypeslib.pyi,8146
numpy/dtypes.py,1312
numpy/dtypes.pyi,14798
numpy/exceptions.py,7866
numpy/exceptions.pyi,751
numpy/matlib.py,10657
numpy/meson.build,13758
numpy/py.typed,0
numpy/version.pyi,388
requirements/all_requirements.txt,153
requirements/build_requirements.txt,57
requirements/ci32_requirements.txt,79
requirements/ci_requirements.txt,110
requirements/doc_requirements.txt,395
requirements/emscripten_test_requirements.txt,65
requirements/linter_requirements.txt,38
requirements/release_requirements.txt,317
requirements/test_requirements.txt,608
tools/changelog.py,4520
tools/check_installed_files.py,4015
tools/check_openblas_version.py,494
tools/commitstats.py,726
tools/download-wheels.py,3725
tools/find_deprecated_escaped_characters.py,1916
tools/functions_missing_types.py,3044
tools/lint_diff.ini,250
tools/linter.py,2576
tools/list_installed_dll_dependencies_cygwin.sh,1366
tools/list_numpy_dlls.sh,316
tools/rebase_installed_dlls_cygwin.sh,232
tools/refguide_check.py,18759
tools/replace_old_macros.sed,5706
vendored-meson/meson,0
.github/ISSUE_TEMPLATE/bug-report.yml,2229
.github/ISSUE_TEMPLATE/config.yml,406
.github/ISSUE_TEMPLATE/documentation.yml,878
.github/ISSUE_TEMPLATE/feature-request.yml,880
.github/ISSUE_TEMPLATE/post-install.yml,1103
.github/ISSUE_TEMPLATE/typing.yml,1961
.github/meson_actions/action.yml,1049
.github/workflows/circleci.yml,893
.github/workflows/codeql.yml,2720
.github/workflows/cygwin.yml,3195
.github/workflows/dependency-review.yml,979
.github/workflows/emscripten.yml,3018
.github/workflows/labeler.yml,462
.github/workflows/linux.yml,11305
.github/workflows/linux_blas.yml,13332
.github/workflows/linux_compiler_sanitizers.yml,1828
.github/workflows/linux_musl.yml,2179
.github/workflows/linux_qemu.yml,7364
.github/workflows/linux_simd.yml,8953
.github/workflows/macos.yml,4574
.github/workflows/mypy.yml,1935
.github/workflows/scorecards.yml,2045
.github/workflows/wheels.yml,12289
.github/workflows/windows.yml,3586
.github/workflows/windows_arm64.yml,7639
benchmarks/benchmarks/__init__.py,1860
benchmarks/benchmarks/bench_app.py,2669
benchmarks/benchmarks/bench_array_coercion.py,1653
benchmarks/benchmarks/bench_clip.py,926
benchmarks/benchmarks/bench_core.py,7946
benchmarks/benchmarks/bench_creation.py,2015
benchmarks/benchmarks/bench_function_base.py,10353
benchmarks/benchmarks/bench_import.py,838
benchmarks/benchmarks/bench_indexing.py,3834
benchmarks/benchmarks/bench_io.py,7909
benchmarks/benchmarks/bench_itemselection.py,1730
benchmarks/benchmarks/bench_lib.py,6204
benchmarks/benchmarks/bench_linalg.py,7445
benchmarks/benchmarks/bench_ma.py,9933
benchmarks/benchmarks/bench_manipulate.py,3194
benchmarks/benchmarks/bench_overrides.py,1786
benchmarks/benchmarks/bench_polynomial.py,805
benchmarks/benchmarks/bench_random.py,5428
benchmarks/benchmarks/bench_records.py,1403
benchmarks/benchmarks/bench_reduce.py,2832
benchmarks/benchmarks/bench_scalar.py,2337
benchmarks/benchmarks/bench_shape_base.py,5209
benchmarks/benchmarks/bench_strings.py,1233
benchmarks/benchmarks/bench_trim_zeros.py,607
benchmarks/benchmarks/bench_ufunc.py,18098
benchmarks/benchmarks/bench_ufunc_strides.py,7321
benchmarks/benchmarks/common.py,5551
branding/logo/logoguidelines.md,1428
doc/changelog/1.12.0-changelog.rst,46600
doc/changelog/1.12.1-changelog.rst,2005
doc/changelog/1.13.0-changelog.rst,34293
doc/changelog/1.13.1-changelog.rst,2481
doc/changelog/1.13.2-changelog.rst,2707
doc/changelog/1.13.3-changelog.rst,4942
doc/changelog/1.14.0-changelog.rst,42702
doc/changelog/1.14.1-changelog.rst,4486
doc/changelog/1.14.2-changelog.rst,880
doc/changelog/1.14.3-changelog.rst,1280
doc/changelog/1.14.4-changelog.rst,1619
doc/changelog/1.14.5-changelog.rst,459
doc/changelog/1.14.6-changelog.rst,746
doc/changelog/1.15.0-changelog.rst,49813
doc/changelog/1.15.1-changelog.rst,2922
doc/changelog/1.15.2-changelog.rst,795
doc/changelog/1.15.3-changelog.rst,1595
doc/changelog/1.15.4-changelog.rst,750
doc/changelog/1.16.0-changelog.rst,54983
doc/changelog/1.16.1-changelog.rst,4194
doc/changelog/1.16.2-changelog.rst,1125
doc/changelog/1.16.3-changelog.rst,3327
doc/changelog/1.16.4-changelog.rst,2174
doc/changelog/1.16.5-changelog.rst,3060
doc/changelog/1.16.6-changelog.rst,1887
doc/changelog/1.17.0-changelog.rst,59866
doc/changelog/1.17.1-changelog.rst,3326
doc/changelog/1.17.2-changelog.rst,1243
doc/changelog/1.17.3-changelog.rst,1717
doc/changelog/1.17.4-changelog.rst,1222
doc/changelog/1.17.5-changelog.rst,1113
doc/changelog/1.18.0-changelog.rst,47063
doc/changelog/1.18.1-changelog.rst,1748
doc/changelog/1.18.2-changelog.rst,1068
doc/changelog/1.18.3-changelog.rst,954
doc/changelog/1.18.4-changelog.rst,966
doc/changelog/1.18.5-changelog.rst,515
doc/changelog/1.19.0-changelog.rst,54915
doc/changelog/1.19.1-changelog.rst,3086
doc/changelog/1.19.2-changelog.rst,1402
doc/changelog/1.19.3-changelog.rst,1483
doc/changelog/1.19.4-changelog.rst,487
doc/changelog/1.19.5-changelog.rst,1589
doc/changelog/1.20.0-changelog.rst,79248
doc/changelog/1.20.1-changelog.rst,2006
doc/changelog/1.20.2-changelog.rst,2577
doc/changelog/1.20.3-changelog.rst,2066
doc/changelog/1.21.0-changelog.rst,65862
doc/changelog/1.21.1-changelog.rst,3338
doc/changelog/1.21.2-changelog.rst,2410
doc/changelog/1.21.3-changelog.rst,1324
doc/changelog/1.21.4-changelog.rst,1379
doc/changelog/1.21.5-changelog.rst,1641
doc/changelog/1.21.6-changelog.rst,389
doc/changelog/1.22.0-changelog.rst,69326
doc/changelog/1.22.1-changelog.rst,2706
doc/changelog/1.22.2-changelog.rst,2839
doc/changelog/1.22.3-changelog.rst,1538
doc/changelog/1.22.4-changelog.rst,2770
doc/changelog/1.23.0-changelog.rst,56146
doc/changelog/1.23.1-changelog.rst,1321
doc/changelog/1.23.2-changelog.rst,2107
doc/changelog/1.23.3-changelog.rst,2028
doc/changelog/1.23.4-changelog.rst,1814
doc/changelog/1.23.5-changelog.rst,1482
doc/changelog/1.24.0-changelog.rst,52281
doc/changelog/1.24.1-changelog.rst,2449
doc/changelog/1.24.2-changelog.rst,2418
doc/changelog/1.24.3-changelog.rst,2423
doc/changelog/1.24.4-changelog.rst,991
doc/changelog/1.25.0-changelog.rst,60335
doc/changelog/1.25.1-changelog.rst,1958
doc/changelog/1.25.2-changelog.rst,2455
doc/changelog/1.26.0-changelog.rst,6991
doc/changelog/1.26.1-changelog.rst,2682
doc/changelog/1.26.2-changelog.rst,3262
doc/changelog/1.26.3-changelog.rst,5281
doc/changelog/1.26.4-changelog.rst,2525
doc/changelog/2.0.0-changelog.rst,121468
doc/changelog/2.0.1-changelog.rst,3187
doc/changelog/2.0.2-changelog.rst,2566
doc/changelog/2.1.0-changelog.rst,53345
doc/changelog/2.1.1-changelog.rst,1523
doc/changelog/2.1.2-changelog.rst,1963
doc/neps/.gitignore,86
doc/neps/Makefile,760
doc/neps/accepted.rst.tmpl,246
doc/neps/conf.py,5619
doc/neps/content.rst,637
doc/neps/deferred.rst.tmpl,234
doc/neps/finished.rst.tmpl,185
doc/neps/index.rst,798
doc/neps/meta.rst.tmpl,271
doc/neps/nep-0000.rst,11921
doc/neps/nep-0001-npy-format.rst,12080
doc/neps/nep-0002-warnfix.rst,2940
doc/neps/nep-0003-math_config_clean.rst,2910
doc/neps/nep-0004-datetime-proposal3.rst,19125
doc/neps/nep-0005-generalized-ufuncs.rst,8454
doc/neps/nep-0006-newbugtracker.rst,5968
doc/neps/nep-0007-datetime-proposal.rst,23619
doc/neps/nep-0008-groupby_additions.rst,3766
doc/neps/nep-0009-structured_array_extensions.rst,461
doc/neps/nep-0010-new-iterator-ufunc.rst,84421
doc/neps/nep-0011-deferred-ufunc-evaluation.rst,12239
doc/neps/nep-0012-missing-data.rst,49564
doc/neps/nep-0013-ufunc-overrides.rst,31072
doc/neps/nep-0014-dropping-python2.7-proposal.rst,2629
doc/neps/nep-0015-merge-multiarray-umath.rst,6425
doc/neps/nep-0016-abstract-array.rst,12486
doc/neps/nep-0016-benchmark.py,1035
doc/neps/nep-0017-split-out-maskedarray.rst,4433
doc/neps/nep-0018-array-function-protocol.rst,44745
doc/neps/nep-0019-rng-policy.rst,17759
doc/neps/nep-0020-gufunc-signature-enhancement.rst,14249
doc/neps/nep-0021-advanced-indexing.rst,27051
doc/neps/nep-0022-ndarray-duck-typing-overview.rst,17378
doc/neps/nep-0023-backwards-compatibility.rst,14917
doc/neps/nep-0024-missing-data-2.rst,8543
doc/neps/nep-0025-missing-data-3.rst,24161
doc/neps/nep-0026-missing-data-summary.rst,35063
doc/neps/nep-0027-zero-rank-arrarys.rst,9421
doc/neps/nep-0028-website-redesign.rst,14533
doc/neps/nep-0029-deprecation_policy.rst,13470
doc/neps/nep-0030-duck-array-protocol.rst,8153
doc/neps/nep-0031-uarray.rst,27568
doc/neps/nep-0032-remove-financial-functions.rst,9326
doc/neps/nep-0034-infer-dtype-is-object.rst,5859
doc/neps/nep-0035-array-creation-dispatch-with-array-function.rst,20198
doc/neps/nep-0036-fair-play.rst,6601
doc/neps/nep-0037-array-module.rst,26274
doc/neps/nep-0038-SIMD-optimizations.rst,16360
doc/neps/nep-0040-legacy-datatype-impl.rst,28337
doc/neps/nep-0041-improved-dtype-support.rst,35611
doc/neps/nep-0042-new-dtypes.rst,59096
doc/neps/nep-0043-extensible-ufuncs.rst,55151
doc/neps/nep-0044-restructuring-numpy-docs.rst,9763
doc/neps/nep-0045-c_style_guide.rst,7615
doc/neps/nep-0046-sponsorship-guidelines.rst,12098
doc/neps/nep-0047-array-api-standard.rst,34123
doc/neps/nep-0048-spending-project-funds.rst,23126
doc/neps/nep-0049.rst,14272
doc/neps/nep-0050-scalar-promotion.rst,33307
doc/neps/nep-0051-scalar-representation.rst,14313
doc/neps/nep-0052-python-api-cleanup.rst,14537
doc/neps/nep-0053-c-abi-evolution.rst,13434
doc/neps/nep-0054-simd-cpp-highway.rst,16009
doc/neps/nep-0055-string_dtype.rst,56992
doc/neps/nep-0056-array-api-main-namespace.rst,33842
doc/neps/nep-template.rst,3525
doc/neps/open.rst.tmpl,221
doc/neps/provisional.rst.tmpl,291
doc/neps/rejected.rst.tmpl,231
doc/neps/roadmap.rst,10777
doc/neps/scope.rst,2037
doc/source/benchmarking.rst,41
doc/source/conf.py,19215
doc/source/doxyfile,11927
doc/source/getting_started.rst,41
doc/source/glossary.rst,18653
doc/source/index.rst,3420
doc/source/license.rst,87
doc/source/numpy_2_0_migration_guide.rst,21989
doc/source/release.rst,3736
meson_cpu/arm/meson.build,2515
meson_cpu/ppc64/meson.build,1591
meson_cpu/riscv64/meson.build,244
meson_cpu/s390x/meson.build,725
meson_cpu/x86/meson.build,9357
numpy/_build_utils/__init__.py,780
numpy/_build_utils/gcc_build_bitness.py,515
numpy/_build_utils/gitversion.py,2698
numpy/_build_utils/process_src_template.py,1683
numpy/_build_utils/tempita.py,1435
numpy/_core/__init__.py,5612
numpy/_core/__init__.pyi,86
numpy/_core/_add_newdocs.py,209766
numpy/_core/_add_newdocs_scalars.py,12603
numpy/_core/_asarray.py,3910
numpy/_core/_asarray.pyi,1085
numpy/_core/_dtype.py,10734
numpy/_core/_dtype_ctypes.py,3718
numpy/_core/_exceptions.py,5379
numpy/_core/_internal.py,29164
numpy/_core/_internal.pyi,1022
numpy/_core/_machar.py,11565
numpy/_core/_methods.py,9469
numpy/_core/_string_helpers.py,2837
numpy/_core/_type_aliases.py,3489
numpy/_core/_type_aliases.pyi,2400
numpy/_core/_ufunc_config.py,15030
numpy/_core/_ufunc_config.pyi,1150
numpy/_core/arrayprint.py,64431
numpy/_core/arrayprint.pyi,4371
numpy/_core/check_longdouble.c,579
numpy/_core/config.h.in,3207
numpy/_core/cversions.py,347
numpy/_core/defchararray.py,37720
numpy/_core/defchararray.pyi,26969
numpy/_core/einsumfunc.py,52820
numpy/_core/einsumfunc.pyi,4883
numpy/_core/feature_detection_misc.h,84
numpy/_core/feature_detection_stdio.h,58
numpy/_core/fromnumeric.py,143911
numpy/_core/fromnumeric.pyi,31231
numpy/_core/function_base.py,19623
numpy/_core/function_base.pyi,5050
numpy/_core/getlimits.py,26112
numpy/_core/getlimits.pyi,61
numpy/_core/memmap.py,12207
numpy/_core/memmap.pyi,47
numpy/_core/meson.build,40532
numpy/_core/mlib.ini.in,168
numpy/_core/multiarray.py,56784
numpy/_core/multiarray.pyi,33747
numpy/_core/npymath.ini.in,367
numpy/_core/numeric.py,81721
numpy/_core/numeric.pyi,18723
numpy/_core/numerictypes.py,16125
numpy/_core/numerictypes.pyi,3535
numpy/_core/numpy.pc.in,195
numpy/_core/overrides.py,7084
numpy/_core/printoptions.py,1063
numpy/_core/records.py,36862
numpy/_core/records.pyi,9131
numpy/_core/shape_base.py,32884
numpy/_core/shape_base.pyi,3149
numpy/_core/strings.py,43487
numpy/_core/strings.pyi,12557
numpy/_core/umath.py,2063
numpy/_pyinstaller/__init__.py,0
numpy/_pyinstaller/hook-numpy.py,1393
numpy/_typing/__init__.py,4941
numpy/_typing/_add_docstring.py,3995
numpy/_typing/_array_like.py,5155
numpy/_typing/_callable.pyi,12513
numpy/_typing/_char_codes.py,8724
numpy/_typing/_dtype_like.py,5964
numpy/_typing/_extended_precision.py,777
numpy/_typing/_nbit.py,632
numpy/_typing/_nbit_base.py,2880
numpy/_typing/_nested_sequence.py,2608
numpy/_typing/_scalars.py,1031
numpy/_typing/_shape.py,231
numpy/_typing/_ufunc.py,153
numpy/_typing/_ufunc.pyi,24603
numpy/_utils/__init__.py,3224
numpy/_utils/_convertions.py,329
numpy/_utils/_inspect.py,7435
numpy/_utils/_pep440.py,14069
numpy/char/__init__.py,93
numpy/char/__init__.pyi,1539
numpy/compat/__init__.py,727
numpy/compat/py3k.py,3803
numpy/core/__init__.py,1275
numpy/core/__init__.pyi,0
numpy/core/_dtype.py,322
numpy/core/_dtype_ctypes.py,350
numpy/core/_internal.py,947
numpy/core/_multiarray_umath.py,2096
numpy/core/_utils.py,923
numpy/core/arrayprint.py,338
numpy/core/defchararray.py,346
numpy/core/einsumfunc.py,338
numpy/core/fromnumeric.py,342
numpy/core/function_base.py,350
numpy/core/getlimits.py,334
numpy/core/multiarray.py,792
numpy/core/numeric.py,359
numpy/core/numerictypes.py,346
numpy/core/overrides.py,334
numpy/core/records.py,326
numpy/core/shape_base.py,338
numpy/core/umath.py,318
numpy/distutils/__init__.py,2074
numpy/distutils/__init__.pyi,119
numpy/distutils/_shell_utils.py,2538
numpy/distutils/armccompiler.py,962
numpy/distutils/ccompiler.py,28690
numpy/distutils/ccompiler_opt.py,100396
numpy/distutils/conv_template.py,9536
numpy/distutils/core.py,8173
numpy/distutils/cpuinfo.py,22639
numpy/distutils/exec_command.py,10282
numpy/distutils/extension.py,3460
numpy/distutils/from_template.py,7913
numpy/distutils/fujitsuccompiler.py,834
numpy/distutils/intelccompiler.py,4022
numpy/distutils/lib2def.py,3630
numpy/distutils/line_endings.py,2032
numpy/distutils/log.py,2879
numpy/distutils/mingw32ccompiler.py,22151
numpy/distutils/misc_util.py,89239
numpy/distutils/msvc9compiler.py,2192
numpy/distutils/msvccompiler.py,2647
numpy/distutils/npy_pkg_config.py,13018
numpy/distutils/numpy_distribution.py,634
numpy/distutils/pathccompiler.py,713
numpy/distutils/system_info.py,113927
numpy/distutils/unixccompiler.py,5426
numpy/doc/ufuncs.py,5414
numpy/f2py/__init__.py,2526
numpy/f2py/__init__.pyi,1092
numpy/f2py/__main__.py,130
numpy/f2py/__version__.py,34
numpy/f2py/_isocbind.py,2360
numpy/f2py/_src_pyf.py,7664
numpy/f2py/auxfuncs.py,26799
numpy/f2py/capi_maps.py,30607
numpy/f2py/cb_rules.py,25004
numpy/f2py/cfuncs.py,52125
numpy/f2py/common_rules.py,5131
numpy/f2py/crackfortran.py,147984
numpy/f2py/diagnose.py,5197
numpy/f2py/f2py2e.py,28861
numpy/f2py/f90mod_rules.py,9992
numpy/f2py/func2subr.py,10298
numpy/f2py/rules.py,62880
numpy/f2py/setup.cfg,48
numpy/f2py/symbolic.py,53254
numpy/f2py/use_rules.py,3515
numpy/fft/__init__.py,8326
numpy/fft/__init__.pyi,514
numpy/fft/_helper.py,6775
numpy/fft/_helper.pyi,1370
numpy/fft/_pocketfft.py,62692
numpy/fft/_pocketfft.pyi,3155
numpy/fft/_pocketfft_umath.cpp,14912
numpy/fft/helper.py,610
numpy/fft/meson.build,805
numpy/fft/pocketfft,0
numpy/lib/__init__.py,3189
numpy/lib/__init__.pyi,518
numpy/lib/_array_utils_impl.py,1689
numpy/lib/_array_utils_impl.pyi,793
numpy/lib/_arraypad_impl.py,32326
numpy/lib/_arraypad_impl.pyi,1792
numpy/lib/_arraysetops_impl.py,39310
numpy/lib/_arraysetops_impl.pyi,9769
numpy/lib/_arrayterator_impl.py,7156
numpy/lib/_arrayterator_impl.pyi,1604
numpy/lib/_datasource.py,22729
numpy/lib/_function_base_impl.py,193355
numpy/lib/_function_base_impl.pyi,19886
numpy/lib/_histograms_impl.py,38762
numpy/lib/_histograms_impl.pyi,1070
numpy/lib/_index_tricks_impl.py,32221
numpy/lib/_index_tricks_impl.pyi,4340
numpy/lib/_iotools.py,30941
numpy/lib/_nanfunctions_impl.py,72152
numpy/lib/_nanfunctions_impl.pyi,834
numpy/lib/_npyio_impl.py,99255
numpy/lib/_npyio_impl.pyi,11063
numpy/lib/_polynomial_impl.py,44294
numpy/lib/_polynomial_impl.pyi,7117
numpy/lib/_scimath_impl.py,15526
numpy/lib/_scimath_impl.pyi,2955
numpy/lib/_shape_base_impl.py,39353
numpy/lib/_shape_base_impl.pyi,5043
numpy/lib/_stride_tricks_impl.py,18109
numpy/lib/_stride_tricks_impl.pyi,1801
numpy/lib/_twodim_base_impl.py,33968
numpy/lib/_twodim_base_impl.pyi,11124
numpy/lib/_type_check_impl.py,19220
numpy/lib/_type_check_impl.pyi,5391
numpy/lib/_ufunclike_impl.py,6309
numpy/lib/_ufunclike_impl.pyi,1322
numpy/lib/_user_array_impl.py,7890
numpy/lib/_utils_impl.py,23388
numpy/lib/_utils_impl.pyi,641
numpy/lib/_version.py,4824
numpy/lib/_version.pyi,641
numpy/lib/array_utils.py,130
numpy/lib/array_utils.pyi,191
numpy/lib/format.py,36154
numpy/lib/format.pyi,748
numpy/lib/introspect.py,2715
numpy/lib/mixins.py,7337
numpy/lib/mixins.pyi,3131
numpy/lib/npyio.py,62
numpy/lib/npyio.pyi,92
numpy/lib/recfunctions.py,59729
numpy/lib/scimath.py,118
numpy/lib/scimath.pyi,233
numpy/lib/stride_tricks.py,82
numpy/lib/stride_tricks.pyi,124
numpy/lib/user_array.py,49
numpy/linalg/__init__.py,2106
numpy/linalg/__init__.pyi,1005
numpy/linalg/_linalg.py,114581
numpy/linalg/_linalg.pyi,11252
numpy/linalg/lapack_litemodule.c,14649
numpy/linalg/linalg.py,584
numpy/linalg/meson.build,1349
numpy/linalg/umath_linalg.cpp,139576
numpy/ma/API_CHANGES.txt,3405
numpy/ma/LICENSE,1593
numpy/ma/README.rst,9874
numpy/ma/__init__.py,1419
numpy/ma/__init__.pyi,6946
numpy/ma/core.py,289973
numpy/ma/core.pyi,17040
numpy/ma/extras.py,70677
numpy/ma/extras.pyi,3424
numpy/ma/mrecords.py,27177
numpy/ma/mrecords.pyi,1983
numpy/ma/testutils.py,10272
numpy/ma/timer_comparison.py,15694
numpy/matrixlib/__init__.py,242
numpy/matrixlib/__init__.pyi,105
numpy/matrixlib/defmatrix.py,30800
numpy/matrixlib/defmatrix.pyi,488
numpy/polynomial/__init__.py,6760
numpy/polynomial/__init__.pyi,687
numpy/polynomial/_polybase.py,39451
numpy/polynomial/_polybase.pyi,8534
numpy/polynomial/_polytypes.pyi,22567
numpy/polynomial/chebyshev.py,62407
numpy/polynomial/chebyshev.pyi,4725
numpy/polynomial/hermite.py,54634
numpy/polynomial/hermite.pyi,2445
numpy/polynomial/hermite_e.py,52384
numpy/polynomial/hermite_e.pyi,2537
numpy/polynomial/laguerre.py,52547
numpy/polynomial/laguerre.pyi,2174
numpy/polynomial/legendre.py,51170
numpy/polynomial/legendre.pyi,2173
numpy/polynomial/polynomial.py,52349
numpy/polynomial/polynomial.pyi,2002
numpy/polynomial/polyutils.py,22530
numpy/polynomial/polyutils.pyi,10426
numpy/random/.gitignore,62
numpy/random/LICENSE.md,3511
numpy/random/__init__.pxd,431
numpy/random/__init__.py,7506
numpy/random/__init__.pyi,2158
numpy/random/_bounded_integers.pxd.in,841
numpy/random/_bounded_integers.pyx.in,16038
numpy/random/_common.pxd,4982
numpy/random/_common.pyx,40058
numpy/random/_generator.pyi,24683
numpy/random/_generator.pyx,201009
numpy/random/_mt19937.pyi,775
numpy/random/_mt19937.pyx,10641
numpy/random/_pcg64.pyi,1142
numpy/random/_pcg64.pyx,18909
numpy/random/_philox.pyi,1005
numpy/random/_philox.pyx,12134
numpy/random/_pickle.py,2743
numpy/random/_sfc64.pyi,682
numpy/random/_sfc64.pyx,5298
numpy/random/bit_generator.pxd,1007
numpy/random/bit_generator.pyi,3687
numpy/random/bit_generator.pyx,24300
numpy/random/c_distributions.pxd,6344
numpy/random/meson.build,5248
numpy/random/mtrand.pyi,22018
numpy/random/mtrand.pyx,191988
numpy/rec/__init__.py,83
numpy/rec/__init__.pyi,346
numpy/strings/__init__.py,83
numpy/strings/__init__.pyi,1295
numpy/testing/__init__.py,595
numpy/testing/__init__.pyi,1973
numpy/testing/overrides.py,2133
numpy/testing/print_coercion_tables.py,6223
numpy/tests/__init__.py,0
numpy/tests/test__all__.py,221
numpy/tests/test_configtool.py,1555
numpy/tests/test_ctypeslib.py,12351
numpy/tests/test_lazyloading.py,1159
numpy/tests/test_matlib.py,1852
numpy/tests/test_numpy_config.py,1233
numpy/tests/test_numpy_version.py,1754
numpy/tests/test_public_api.py,22828
numpy/tests/test_reloading.py,2367
numpy/tests/test_scripts.py,1645
numpy/tests/test_warnings.py,2346
numpy/typing/__init__.py,5267
numpy/typing/mypy_plugin.py,6470
tools/c_coverage/HOWTO_C_COVERAGE.txt,3722
tools/c_coverage/c_coverage_collect.sh,111
tools/c_coverage/c_coverage_report.py,5987
tools/ci/_blis_debian.pc,351
tools/ci/array-api-xfails.txt,1031
tools/ci/cirrus_arm.yml,3593
tools/ci/cirrus_wheels.yml,5801
tools/ci/push_docs_to_repo.py,2596
tools/ci/run_32_bit_linux_docker.sh,424
tools/ci/test_all_newsfragments_used.py,443
tools/swig/Makefile,808
tools/swig/README,4922
tools/swig/numpy.i,102856
tools/swig/pyfragments.swg,3053
tools/wheels/LICENSE_linux.txt,45231
tools/wheels/LICENSE_osx.txt,45262
tools/wheels/LICENSE_win32.txt,44238
tools/wheels/check_license.py,1361
tools/wheels/cibw_before_build.sh,2670
tools/wheels/cibw_test_command.sh,2367
tools/wheels/gfortran_utils.sh,7125
tools/wheels/repair_windows.sh,862
tools/wheels/upload_wheels.sh,1865
branding/logo/logomark/numpylogoicon.png,18663
branding/logo/logomark/numpylogoicon.svg,1226
branding/logo/logomark/numpylogoicondark.png,18242
branding/logo/logomark/numpylogoiconlight.png,16758
branding/logo/primary/numpylogo.png,18911
branding/logo/primary/numpylogo.svg,3382
branding/logo/primary/numpylogodark.png,18851
branding/logo/primary/numpylogolight.png,17320
branding/logo/secondary/numpylogo2.png,21596
branding/logo/secondary/numpylogo2.svg,3363
branding/logo/secondary/numpylogo2dark.png,21386
branding/logo/secondary/numpylogo2light.png,19579
doc/neps/_static/casting_flow.svg,102158
doc/neps/_static/dtype_hierarchy.svg,38071
doc/neps/_static/nep-0000.png,12925
doc/neps/_static/nep-0040_dtype-hierarchy.png,18746
doc/neps/_static/nep-0041-mindmap.svg,156004
doc/neps/_static/nep-0041-type-sketch-no-fonts.svg,142337
doc/neps/_static/nep-0041-type-sketch.svg,26681
doc/neps/_static/nep-0047-casting-rules-lattice.png,65646
doc/neps/_static/nep-0047-library-dependencies.png,68120
doc/neps/_static/nep-0047-scope-of-array-API.png,85530
doc/neps/_static/nep-0050-promotion-no-fonts.svg,265093
doc/neps/_static/nep-0050-promotion.svg,36892
doc/neps/_static/nep-0055-arena-string-memory-layout.svg,116066
doc/neps/_static/nep-0055-heap-string-memory-layout.svg,117455
doc/neps/_static/nep-0055-short-string-memory-layout.svg,81325
doc/neps/_static/nep0013_image1.png,18653
doc/neps/_static/nep0013_image2.png,6313
doc/neps/_static/nep0013_image3.png,11704
doc/neps/_static/nep43-sketch-with-text.svg,59357
doc/neps/_static/nep43-sketch.svg,403087
doc/neps/tools/build_index.py,4257
doc/release/upcoming_changes/26766.change.rst,114
doc/release/upcoming_changes/27088.change.rst,143
doc/release/upcoming_changes/27119.performance.rst,245
doc/release/upcoming_changes/27147.performance.rst,409
doc/release/upcoming_changes/27156.change.rst,479
doc/release/upcoming_changes/27160.expired.rst,147
doc/release/upcoming_changes/27334.change.rst,381
doc/release/upcoming_changes/27420.new_feature.rst,86
doc/release/upcoming_changes/27661.compatibility.rst,297
doc/release/upcoming_changes/README.rst,2671
doc/release/upcoming_changes/template.rst,823
doc/source/_static/.gitignore,120
doc/source/_static/numpy.css,1734
doc/source/_static/numpylogo.svg,7662
doc/source/_static/numpylogo_dark.svg,7662
doc/source/_static/scipy-mathjax,0
doc/source/_templates/searchbox.html,797
doc/source/building/blas_lapack.rst,5058
doc/source/building/compilers_and_options.rst,3317
doc/source/building/cross_compilation.rst,1989
doc/source/building/distutils_equivalents.rst,1331
doc/source/building/index.rst,15583
doc/source/building/introspecting_a_build.rst,1031
doc/source/building/redistributable_binaries.rst,1258
doc/source/building/understanding_meson.rst,4525
doc/source/dev/alignment.rst,5529
doc/source/dev/depending_on_numpy.rst,11679
doc/source/dev/development_advanced_debugging.rst,8410
doc/source/dev/development_environment.rst,13797
doc/source/dev/development_workflow.rst,20890
doc/source/dev/howto-docs.rst,17167
doc/source/dev/howto_build_docs.rst,4073
doc/source/dev/index.rst,9970
doc/source/dev/internals.code-explanations.rst,31073
doc/source/dev/internals.rst,10017
doc/source/dev/pull_button.png,12893
doc/source/dev/releasing.rst,516
doc/source/dev/reviewer_guidelines.rst,10322
doc/source/dev/underthehood.rst,411
doc/source/f2py/f2py-examples.rst,8559
doc/source/f2py/f2py-reference.rst,222
doc/source/f2py/f2py-testing.rst,3460
doc/source/f2py/f2py-user.rst,128
doc/source/f2py/f2py.getting-started.rst,10838
doc/source/f2py/index.rst,2402
doc/source/f2py/python-usage.rst,12434
doc/source/f2py/signature-file.rst,25209
doc/source/f2py/usage.rst,11766
doc/source/reference/alignment.rst,174
doc/source/reference/array_api.rst,3055
doc/source/reference/arrays.classes.rst,27398
doc/source/reference/arrays.datetime.rst,18491
doc/source/reference/arrays.dtypes.rst,21746
doc/source/reference/arrays.interface.rst,15161
doc/source/reference/arrays.ndarray.rst,17749
doc/source/reference/arrays.nditer.cython.rst,5281
doc/source/reference/arrays.nditer.rst,25755
doc/source/reference/arrays.promotion.rst,11657
doc/source/reference/arrays.rst,1591
doc/source/reference/arrays.scalars.rst,15252
doc/source/reference/constants.rst,3294
doc/source/reference/distutils.rst,7053
doc/source/reference/distutils_guide.rst,294
doc/source/reference/distutils_status_migration.rst,5719
doc/source/reference/global_state.rst,2607
doc/source/reference/index.rst,1172
doc/source/reference/internals.code-explanations.rst,224
doc/source/reference/internals.rst,174
doc/source/reference/maskedarray.baseclass.rst,8542
doc/source/reference/maskedarray.generic.rst,16245
doc/source/reference/maskedarray.rst,375
doc/source/reference/module_structure.rst,2981
doc/source/reference/routines.array-creation.rst,1531
doc/source/reference/routines.array-manipulation.rst,1666
doc/source/reference/routines.bitwise.rst,496
doc/source/reference/routines.char.rst,1808
doc/source/reference/routines.ctypeslib.rst,628
doc/source/reference/routines.datetime.rst,367
doc/source/reference/routines.dtype.rst,626
doc/source/reference/routines.dtypes.rst,1305
doc/source/reference/routines.emath.rst,296
doc/source/reference/routines.err.rst,260
doc/source/reference/routines.exceptions.rst,58
doc/source/reference/routines.fft.rst,44
doc/source/reference/routines.functional.rst,194
doc/source/reference/routines.indexing.rst,959
doc/source/reference/routines.io.rst,1341
doc/source/reference/routines.lib.rst,442
doc/source/reference/routines.linalg.rst,4645
doc/source/reference/routines.logic.rst,822
doc/source/reference/routines.ma.rst,6135
doc/source/reference/routines.math.rst,2224
doc/source/reference/routines.matlib.rst,661
doc/source/reference/routines.other.rst,540
doc/source/reference/routines.polynomials-package.rst,297
doc/source/reference/routines.polynomials.chebyshev.rst,109
doc/source/reference/routines.polynomials.classes.rst,12516
doc/source/reference/routines.polynomials.hermite.rst,107
doc/source/reference/routines.polynomials.hermite_e.rst,134
doc/source/reference/routines.polynomials.laguerre.rst,108
doc/source/reference/routines.polynomials.legendre.rst,133
doc/source/reference/routines.polynomials.poly1d.rst,397
doc/source/reference/routines.polynomials.polynomial.rst,110
doc/source/reference/routines.polynomials.polyutils.rst,64
doc/source/reference/routines.polynomials.rst,7509
doc/source/reference/routines.rec.rst,1311
doc/source/reference/routines.rst,1458
doc/source/reference/routines.set.rst,357
doc/source/reference/routines.sort.rst,503
doc/source/reference/routines.statistics.rst,628
doc/source/reference/routines.strings.rst,1628
doc/source/reference/routines.testing.rst,1972
doc/source/reference/routines.version.rst,908
doc/source/reference/routines.window.rst,192
doc/source/reference/security.rst,3181
doc/source/reference/swig.interface-file.rst,38491
doc/source/reference/swig.rst,147
doc/source/reference/swig.testing.rst,6468
doc/source/reference/testing.rst,111
doc/source/reference/thread_safety.rst,2510
doc/source/reference/typing.rst,41
doc/source/reference/ufuncs.rst,13268
doc/source/release/1.10.0-notes.rst,20647
doc/source/release/1.10.1-notes.rst,1682
doc/source/release/1.10.2-notes.rst,7925
doc/source/release/1.10.3-notes.rst,154
doc/source/release/1.10.4-notes.rst,1623
doc/source/release/1.11.0-notes.rst,17930
doc/source/release/1.11.1-notes.rst,1652
doc/source/release/1.11.2-notes.rst,2137
doc/source/release/1.11.3-notes.rst,819
doc/source/release/1.12.0-notes.rst,22202
doc/source/release/1.12.1-notes.rst,1148
doc/source/release/1.13.0-notes.rst,25552
doc/source/release/1.13.1-notes.rst,2321
doc/source/release/1.13.2-notes.rst,2242
doc/source/release/1.13.3-notes.rst,2558
doc/source/release/1.14.0-notes.rst,32078
doc/source/release/1.14.1-notes.rst,6046
doc/source/release/1.14.2-notes.rst,1710
doc/source/release/1.14.3-notes.rst,1907
doc/source/release/1.14.4-notes.rst,3003
doc/source/release/1.14.5-notes.rst,1006
doc/source/release/1.14.6-notes.rst,1210
doc/source/release/1.15.0-notes.rst,24315
doc/source/release/1.15.1-notes.rst,4109
doc/source/release/1.15.2-notes.rst,1749
doc/source/release/1.15.3-notes.rst,2277
doc/source/release/1.15.4-notes.rst,1423
doc/source/release/1.16.0-notes.rst,25186
doc/source/release/1.16.1-notes.rst,3955
doc/source/release/1.16.2-notes.rst,2678
doc/source/release/1.16.3-notes.rst,1614
doc/source/release/1.16.4-notes.rst,4544
doc/source/release/1.16.5-notes.rst,3623
doc/source/release/1.16.6-notes.rst,3660
doc/source/release/1.17.0-notes.rst,26059
doc/source/release/1.17.1-notes.rst,3998
doc/source/release/1.17.2-notes.rst,2033
doc/source/release/1.17.3-notes.rst,2366
doc/source/release/1.17.4-notes.rst,1845
doc/source/release/1.17.5-notes.rst,1802
doc/source/release/1.18.0-notes.rst,17869
doc/source/release/1.18.1-notes.rst,2519
doc/source/release/1.18.2-notes.rst,1493
doc/source/release/1.18.3-notes.rst,1503
doc/source/release/1.18.4-notes.rst,1568
doc/source/release/1.18.5-notes.rst,974
doc/source/release/1.19.0-notes.rst,20751
doc/source/release/1.19.1-notes.rst,3584
doc/source/release/1.19.2-notes.rst,2594
doc/source/release/1.19.3-notes.rst,2036
doc/source/release/1.19.4-notes.rst,1089
doc/source/release/1.19.5-notes.rst,2007
doc/source/release/1.20.0-notes.rst,40648
doc/source/release/1.20.1-notes.rst,2373
doc/source/release/1.20.2-notes.rst,2799
doc/source/release/1.20.3-notes.rst,2290
doc/source/release/1.21.0-notes.rst,23444
doc/source/release/1.21.1-notes.rst,4027
doc/source/release/1.21.2-notes.rst,3142
doc/source/release/1.21.3-notes.rst,1894
doc/source/release/1.21.4-notes.rst,2185
doc/source/release/1.21.5-notes.rst,2068
doc/source/release/1.21.6-notes.rst,377
doc/source/release/1.22.0-notes.rst,19727
doc/source/release/1.22.1-notes.rst,3111
doc/source/release/1.22.2-notes.rst,3420
doc/source/release/1.22.3-notes.rst,2298
doc/source/release/1.22.4-notes.rst,3345
doc/source/release/1.23.0-notes.rst,16589
doc/source/release/1.23.1-notes.rst,1727
doc/source/release/1.23.2-notes.rst,2461
doc/source/release/1.23.3-notes.rst,2586
doc/source/release/1.23.4-notes.rst,2408
doc/source/release/1.23.5-notes.rst,1785
doc/source/release/1.24.0-notes.rst,20900
doc/source/release/1.24.1-notes.rst,2723
doc/source/release/1.24.2-notes.rst,2692
doc/source/release/1.24.3-notes.rst,2697
doc/source/release/1.24.4-notes.rst,1266
doc/source/release/1.25.0-notes.rst,26092
doc/source/release/1.25.1-notes.rst,2232
doc/source/release/1.25.2-notes.rst,2881
doc/source/release/1.26.0-notes.rst,13060
doc/source/release/1.26.1-notes.rst,5945
doc/source/release/1.26.2-notes.rst,3623
doc/source/release/1.26.3-notes.rst,6100
doc/source/release/1.26.4-notes.rst,2858
doc/source/release/1.3.0-notes.rst,10023
doc/source/release/1.4.0-notes.rst,9298
doc/source/release/1.5.0-notes.rst,4617
doc/source/release/1.6.0-notes.rst,5771
doc/source/release/1.6.1-notes.rst,746
doc/source/release/1.6.2-notes.rst,3321
doc/source/release/1.7.0-notes.rst,11491
doc/source/release/1.7.1-notes.rst,1042
doc/source/release/1.7.2-notes.rst,2913
doc/source/release/1.8.0-notes.rst,18032
doc/source/release/1.8.1-notes.rst,4632
doc/source/release/1.8.2-notes.rst,834
doc/source/release/1.9.0-notes.rst,19182
doc/source/release/1.9.1-notes.rst,1719
doc/source/release/1.9.2-notes.rst,1939
doc/source/release/2.0.0-notes.rst,65560
doc/source/release/2.0.1-notes.rst,4015
doc/source/release/2.0.2-notes.rst,2842
doc/source/release/2.1.0-notes.rst,15498
doc/source/release/2.1.1-notes.rst,1798
doc/source/release/2.1.2-notes.rst,2237
doc/source/release/2.2.0-notes.rst,441
doc/source/release/template.rst,452
doc/source/user/absolute_beginners.rst,52214
doc/source/user/basics.broadcasting.rst,11999
doc/source/user/basics.copies.rst,5141
doc/source/user/basics.creation.rst,14133
doc/source/user/basics.dispatch.rst,12453
doc/source/user/basics.indexing.rst,33436
doc/source/user/basics.interoperability.rst,20605
doc/source/user/basics.io.genfromtxt.rst,19355
doc/source/user/basics.io.rst,100
doc/source/user/basics.rec.rst,28906
doc/source/user/basics.rst,414
doc/source/user/basics.strings.rst,9445
doc/source/user/basics.subclassing.rst,29968
doc/source/user/basics.types.rst,15196
doc/source/user/basics.ufuncs.rst,13103
doc/source/user/broadcasting_1.png,15820
doc/source/user/broadcasting_1.svg,43789
doc/source/user/broadcasting_2.png,30519
doc/source/user/broadcasting_2.svg,88069
doc/source/user/broadcasting_3.png,27897
doc/source/user/broadcasting_3.svg,46034
doc/source/user/broadcasting_4.png,35777
doc/source/user/broadcasting_4.svg,89220
doc/source/user/broadcasting_5.png,45481
doc/source/user/broadcasting_5.svg,32235
doc/source/user/byteswapping.rst,5559
doc/source/user/c-info.beyond-basics.rst,23551
doc/source/user/c-info.how-to-extend.rst,28179
doc/source/user/c-info.python-as-glue.rst,37366
doc/source/user/c-info.rst,167
doc/source/user/c-info.ufunc-tutorial.rst,30712
doc/source/user/conftest.py,118
doc/source/user/how-to-how-to.rst,4783
doc/source/user/how-to-index.rst,14326
doc/source/user/how-to-io.rst,10757
doc/source/user/how-to-partition.rst,7919
doc/source/user/how-to-verify-bug.rst,5863
doc/source/user/howtos_index.rst,383
doc/source/user/index.rst,1115
doc/source/user/install.rst,115
doc/source/user/misc.rst,5633
doc/source/user/numpy-for-matlab-users.rst,27640
doc/source/user/quickstart.rst,41542
doc/source/user/theory.broadcasting.rst,420
doc/source/user/troubleshooting-importerror.rst,10697
doc/source/user/whatisnumpy.rst,5755
numpy/_build_utils/tempita/LICENSE.txt,1072
numpy/_build_utils/tempita/__init__.py,152
numpy/_build_utils/tempita/_looper.py,4011
numpy/_build_utils/tempita/_tempita.py,37224
numpy/_core/code_generators/__init__.py,0
numpy/_core/code_generators/cversions.txt,3138
numpy/_core/code_generators/genapi.py,19426
numpy/_core/code_generators/generate_numpy_api.py,9686
numpy/_core/code_generators/generate_ufunc_api.py,5452
numpy/_core/code_generators/generate_umath.py,52760
numpy/_core/code_generators/generate_umath_doc.py,1512
numpy/_core/code_generators/numpy_api.py,23605
numpy/_core/code_generators/ufunc_docstrings.py,136582
numpy/_core/code_generators/verify_c_api_version.py,2062
numpy/_core/include/meson.build,959
numpy/_core/src/dummymodule.c,725
numpy/_core/src/highway,0
numpy/_core/tests/_locales.py,2176
numpy/_core/tests/_natype.py,6259
numpy/_core/tests/test__exceptions.py,2881
numpy/_core/tests/test_abc.py,2221
numpy/_core/tests/test_api.py,22930
numpy/_core/tests/test_argparse.py,2824
numpy/_core/tests/test_array_api_info.py,3062
numpy/_core/tests/test_array_coercion.py,34853
numpy/_core/tests/test_array_interface.py,7767
numpy/_core/tests/test_arraymethod.py,3253
numpy/_core/tests/test_arrayobject.py,790
numpy/_core/tests/test_arrayprint.py,47948
numpy/_core/tests/test_casting_floatingpoint_errors.py,5074
numpy/_core/tests/test_casting_unittests.py,34308
numpy/_core/tests/test_conversion_utils.py,6605
numpy/_core/tests/test_cpu_dispatcher.py,1552
numpy/_core/tests/test_cpu_features.py,15316
numpy/_core/tests/test_custom_dtypes.py,11623
numpy/_core/tests/test_cython.py,8462
numpy/_core/tests/test_datetime.py,117386
numpy/_core/tests/test_defchararray.py,30601
numpy/_core/tests/test_deprecations.py,28172
numpy/_core/tests/test_dlpack.py,5475
numpy/_core/tests/test_dtype.py,77402
numpy/_core/tests/test_einsum.py,52890
numpy/_core/tests/test_errstate.py,4634
numpy/_core/tests/test_extint128.py,5644
numpy/_core/tests/test_function_base.py,17095
numpy/_core/tests/test_getlimits.py,6977
numpy/_core/tests/test_half.py,24313
numpy/_core/tests/test_hashtable.py,1147
numpy/_core/tests/test_indexerrors.py,4734
numpy/_core/tests/test_indexing.py,55053
numpy/_core/tests/test_item_selection.py,6458
numpy/_core/tests/test_limited_api.py,3304
numpy/_core/tests/test_longdouble.py,13890
numpy/_core/tests/test_machar.py,1069
numpy/_core/tests/test_mem_overlap.py,29138
numpy/_core/tests/test_mem_policy.py,16660
numpy/_core/tests/test_memmap.py,7739
numpy/_core/tests/test_multiarray.py,391008
numpy/_core/tests/test_multithreading.py,3552
numpy/_core/tests/test_nditer.py,131186
numpy/_core/tests/test_nep50_promotions.py,9486
numpy/_core/tests/test_numeric.py,158490
numpy/_core/tests/test_numerictypes.py,23292
numpy/_core/tests/test_overrides.py,25685
numpy/_core/tests/test_print.py,6836
numpy/_core/tests/test_protocols.py,1189
numpy/_core/tests/test_records.py,20534
numpy/_core/tests/test_regression.py,95042
numpy/_core/tests/test_scalar_ctors.py,6719
numpy/_core/tests/test_scalar_methods.py,8182
numpy/_core/tests/test_scalarbuffer.py,5582
numpy/_core/tests/test_scalarinherit.py,2588
numpy/_core/tests/test_scalarmath.py,46631
numpy/_core/tests/test_scalarprint.py,18788
numpy/_core/tests/test_shape_base.py,30982
numpy/_core/tests/test_simd.py,48650
numpy/_core/tests/test_simd_module.py,3903
numpy/_core/tests/test_stringdtype.py,53205
numpy/_core/tests/test_strings.py,48667
numpy/_core/tests/test_ufunc.py,131382
numpy/_core/tests/test_umath.py,192266
numpy/_core/tests/test_umath_accuracy.py,5472
numpy/_core/tests/test_umath_complex.py,23290
numpy/_core/tests/test_unicode.py,12854
numpy/_pyinstaller/tests/__init__.py,329
numpy/_pyinstaller/tests/pyinstaller-smoke.py,1143
numpy/_pyinstaller/tests/test_pyinstaller.py,1135
numpy/compat/tests/__init__.py,0
numpy/distutils/checks/cpu_asimd.c,818
numpy/distutils/checks/cpu_asimddp.c,432
numpy/distutils/checks/cpu_asimdfhm.c,529
numpy/distutils/checks/cpu_asimdhp.c,379
numpy/distutils/checks/cpu_avx.c,779
numpy/distutils/checks/cpu_avx2.c,749
numpy/distutils/checks/cpu_avx512_clx.c,842
numpy/distutils/checks/cpu_avx512_cnl.c,948
numpy/distutils/checks/cpu_avx512_icl.c,1004
numpy/distutils/checks/cpu_avx512_knl.c,959
numpy/distutils/checks/cpu_avx512_knm.c,1132
numpy/distutils/checks/cpu_avx512_skx.c,1010
numpy/distutils/checks/cpu_avx512_spr.c,904
numpy/distutils/checks/cpu_avx512cd.c,759
numpy/distutils/checks/cpu_avx512f.c,755
numpy/distutils/checks/cpu_f16c.c,868
numpy/distutils/checks/cpu_fma3.c,817
numpy/distutils/checks/cpu_fma4.c,301
numpy/distutils/checks/cpu_neon.c,600
numpy/distutils/checks/cpu_neon_fp16.c,251
numpy/distutils/checks/cpu_neon_vfpv4.c,609
numpy/distutils/checks/cpu_popcnt.c,1049
numpy/distutils/checks/cpu_rvv.c,300
numpy/distutils/checks/cpu_sse.c,686
numpy/distutils/checks/cpu_sse2.c,697
numpy/distutils/checks/cpu_sse3.c,689
numpy/distutils/checks/cpu_sse41.c,675
numpy/distutils/checks/cpu_sse42.c,692
numpy/distutils/checks/cpu_ssse3.c,705
numpy/distutils/checks/cpu_sve.c,287
numpy/distutils/checks/cpu_vsx.c,478
numpy/distutils/checks/cpu_vsx2.c,263
numpy/distutils/checks/cpu_vsx3.c,250
numpy/distutils/checks/cpu_vsx4.c,305
numpy/distutils/checks/cpu_vx.c,461
numpy/distutils/checks/cpu_vxe.c,788
numpy/distutils/checks/cpu_vxe2.c,624
numpy/distutils/checks/cpu_xop.c,234
numpy/distutils/checks/extra_avx512bw_mask.c,636
numpy/distutils/checks/extra_avx512dq_mask.c,504
numpy/distutils/checks/extra_avx512f_reduce.c,1595
numpy/distutils/checks/extra_vsx3_half_double.c,354
numpy/distutils/checks/extra_vsx4_mma.c,499
numpy/distutils/checks/extra_vsx_asm.c,945
numpy/distutils/checks/test_flags.c,16
numpy/distutils/command/__init__.py,1032
numpy/distutils/command/autodist.py,3718
numpy/distutils/command/bdist_rpm.py,709
numpy/distutils/command/build.py,2613
numpy/distutils/command/build_clib.py,19317
numpy/distutils/command/build_ext.py,32983
numpy/distutils/command/build_py.py,1144
numpy/distutils/command/build_scripts.py,1665
numpy/distutils/command/build_src.py,31178
numpy/distutils/command/config.py,20670
numpy/distutils/command/config_compiler.py,4371
numpy/distutils/command/develop.py,575
numpy/distutils/command/egg_info.py,921
numpy/distutils/command/install.py,3073
numpy/distutils/command/install_clib.py,1399
numpy/distutils/command/install_data.py,848
numpy/distutils/command/install_headers.py,920
numpy/distutils/command/sdist.py,733
numpy/distutils/fcompiler/__init__.py,40625
numpy/distutils/fcompiler/absoft.py,5516
numpy/distutils/fcompiler/arm.py,2090
numpy/distutils/fcompiler/compaq.py,3903
numpy/distutils/fcompiler/environment.py,3080
numpy/distutils/fcompiler/fujitsu.py,1333
numpy/distutils/fcompiler/g95.py,1330
numpy/distutils/fcompiler/gnu.py,20502
numpy/distutils/fcompiler/hpux.py,1353
numpy/distutils/fcompiler/ibm.py,3534
numpy/distutils/fcompiler/intel.py,6570
numpy/distutils/fcompiler/lahey.py,1327
numpy/distutils/fcompiler/mips.py,1714
numpy/distutils/fcompiler/nag.py,2777
numpy/distutils/fcompiler/none.py,758
numpy/distutils/fcompiler/nv.py,1541
numpy/distutils/fcompiler/pathf95.py,1061
numpy/distutils/fcompiler/pg.py,3568
numpy/distutils/fcompiler/sun.py,1577
numpy/distutils/fcompiler/vast.py,1667
numpy/distutils/mingw/gfortran_vs2003_hack.c,77
numpy/distutils/tests/__init__.py,0
numpy/distutils/tests/test_build_ext.py,2779
numpy/distutils/tests/test_ccompiler_opt.py,28778
numpy/distutils/tests/test_ccompiler_opt_conf.py,6347
numpy/distutils/tests/test_exec_command.py,7395
numpy/distutils/tests/test_fcompiler.py,1277
numpy/distutils/tests/test_fcompiler_gnu.py,2136
numpy/distutils/tests/test_fcompiler_intel.py,1058
numpy/distutils/tests/test_fcompiler_nagfor.py,1102
numpy/distutils/tests/test_from_template.py,1103
numpy/distutils/tests/test_log.py,868
numpy/distutils/tests/test_mingw32ccompiler.py,1609
numpy/distutils/tests/test_misc_util.py,3364
numpy/distutils/tests/test_npy_pkg_config.py,2557
numpy/distutils/tests/test_shell_utils.py,2114
numpy/distutils/tests/test_system_info.py,11405
numpy/distutils/tests/utilities.py,2287
numpy/f2py/_backends/__init__.py,299
numpy/f2py/_backends/_backend.py,1187
numpy/f2py/_backends/_distutils.py,2384
numpy/f2py/_backends/_meson.py,8089
numpy/f2py/_backends/meson.build.template,1599
numpy/f2py/src/fortranobject.c,46049
numpy/f2py/src/fortranobject.h,5823
numpy/f2py/tests/__init__.py,328
numpy/f2py/tests/test_abstract_interface.py,809
numpy/f2py/tests/test_array_from_pyobj.py,23702
numpy/f2py/tests/test_assumed_shape.py,1466
numpy/f2py/tests/test_block_docstring.py,582
numpy/f2py/tests/test_callback.py,6536
numpy/f2py/tests/test_character.py,21905
numpy/f2py/tests/test_common.py,641
numpy/f2py/tests/test_crackfortran.py,15855
numpy/f2py/tests/test_data.py,2888
numpy/f2py/tests/test_docs.py,1850
numpy/f2py/tests/test_f2cmap.py,385
numpy/f2py/tests/test_f2py2e.py,27868
numpy/f2py/tests/test_isoc.py,1428
numpy/f2py/tests/test_kind.py,1783
numpy/f2py/tests/test_mixed.py,860
numpy/f2py/tests/test_modules.py,2299
numpy/f2py/tests/test_parameter.py,4623
numpy/f2py/tests/test_pyf_src.py,1135
numpy/f2py/tests/test_quoted_character.py,476
numpy/f2py/tests/test_regression.py,4737
numpy/f2py/tests/test_return_character.py,1511
numpy/f2py/tests/test_return_complex.py,2415
numpy/f2py/tests/test_return_integer.py,1776
numpy/f2py/tests/test_return_logical.py,2017
numpy/f2py/tests/test_return_real.py,3253
numpy/f2py/tests/test_semicolon_split.py,1653
numpy/f2py/tests/test_size.py,1154
numpy/f2py/tests/test_string.py,2936
numpy/f2py/tests/test_symbolic.py,18341
numpy/f2py/tests/test_value_attrspec.py,329
numpy/f2py/tests/util.py,12191
numpy/fft/tests/__init__.py,0
numpy/fft/tests/test_helper.py,6149
numpy/fft/tests/test_pocketfft.py,24410
numpy/lib/tests/__init__.py,0
numpy/lib/tests/test__datasource.py,10571
numpy/lib/tests/test__iotools.py,13744
numpy/lib/tests/test__version.py,1999
numpy/lib/tests/test_array_utils.py,1119
numpy/lib/tests/test_arraypad.py,56064
numpy/lib/tests/test_arraysetops.py,38023
numpy/lib/tests/test_arrayterator.py,1291
numpy/lib/tests/test_format.py,40939
numpy/lib/tests/test_function_base.py,167187
numpy/lib/tests/test_histograms.py,33694
numpy/lib/tests/test_index_tricks.py,20368
numpy/lib/tests/test_io.py,110015
numpy/lib/tests/test_loadtxt.py,39452
numpy/lib/tests/test_mixins.py,7030
numpy/lib/tests/test_nanfunctions.py,53344
numpy/lib/tests/test_packbits.py,17544
numpy/lib/tests/test_polynomial.py,11428
numpy/lib/tests/test_recfunctions.py,43987
numpy/lib/tests/test_regression.py,7694
numpy/lib/tests/test_shape_base.py,27488
numpy/lib/tests/test_stride_tricks.py,22997
numpy/lib/tests/test_twodim_base.py,18841
numpy/lib/tests/test_type_check.py,14680
numpy/lib/tests/test_ufunclike.py,3023
numpy/lib/tests/test_utils.py,2374
numpy/linalg/lapack_lite/LICENSE.txt,2266
numpy/linalg/lapack_lite/README.rst,1909
numpy/linalg/lapack_lite/clapack_scrub.py,9107
numpy/linalg/lapack_lite/f2c.c,12145
numpy/linalg/lapack_lite/f2c.h,10748
numpy/linalg/lapack_lite/f2c_blas.c,561076
numpy/linalg/lapack_lite/f2c_blas.c.patch,18395
numpy/linalg/lapack_lite/f2c_c_lapack.c,878639
numpy/linalg/lapack_lite/f2c_c_lapack.c.patch,139432
numpy/linalg/lapack_lite/f2c_c_lapack.f.patch,1332
numpy/linalg/lapack_lite/f2c_config.c,50226
numpy/linalg/lapack_lite/f2c_config.c.patch,328
numpy/linalg/lapack_lite/f2c_d_lapack.c,1180203
numpy/linalg/lapack_lite/f2c_d_lapack.f.patch,1332
numpy/linalg/lapack_lite/f2c_lapack.c,45814
numpy/linalg/lapack_lite/f2c_lapack.c.patch,914
numpy/linalg/lapack_lite/f2c_lapack.f.patch,1420
numpy/linalg/lapack_lite/f2c_s_lapack.c,1161781
numpy/linalg/lapack_lite/f2c_s_lapack.f.patch,1332
numpy/linalg/lapack_lite/f2c_z_lapack.c,882581
numpy/linalg/lapack_lite/f2c_z_lapack.f.patch,1332
numpy/linalg/lapack_lite/fortran.py,3473
numpy/linalg/lapack_lite/lapack_lite_names.h,24092
numpy/linalg/lapack_lite/make_lite.py,12217
numpy/linalg/lapack_lite/python_xerbla.c,1324
numpy/linalg/lapack_lite/wrapped_routines,416
numpy/linalg/tests/__init__.py,0
numpy/linalg/tests/test_deprecations.py,640
numpy/linalg/tests/test_linalg.py,83315
numpy/linalg/tests/test_regression.py,6689
numpy/ma/tests/__init__.py,0
numpy/ma/tests/test_arrayobject.py,1099
numpy/ma/tests/test_core.py,216927
numpy/ma/tests/test_deprecations.py,2566
numpy/ma/tests/test_extras.py,78314
numpy/ma/tests/test_mrecords.py,19855
numpy/ma/tests/test_old_ma.py,32753
numpy/ma/tests/test_regression.py,3287
numpy/ma/tests/test_subclassing.py,17009
numpy/matrixlib/tests/__init__.py,0
numpy/matrixlib/tests/test_defmatrix.py,15035
numpy/matrixlib/tests/test_interaction.py,11895
numpy/matrixlib/tests/test_masked_matrix.py,8914
numpy/matrixlib/tests/test_matrix_linalg.py,2059
numpy/matrixlib/tests/test_multiarray.py,554
numpy/matrixlib/tests/test_numeric.py,441
numpy/matrixlib/tests/test_regression.py,932
numpy/polynomial/tests/__init__.py,0
numpy/polynomial/tests/test_chebyshev.py,20522
numpy/polynomial/tests/test_classes.py,18450
numpy/polynomial/tests/test_hermite.py,18576
numpy/polynomial/tests/test_hermite_e.py,18911
numpy/polynomial/tests/test_laguerre.py,17510
numpy/polynomial/tests/test_legendre.py,18672
numpy/polynomial/tests/test_polynomial.py,22013
numpy/polynomial/tests/test_polyutils.py,3772
numpy/polynomial/tests/test_printing.py,21302
numpy/polynomial/tests/test_symbol.py,5372
numpy/random/include/aligned_malloc.h,1463
numpy/random/include/legacy-distributions.h,2782
numpy/random/tests/__init__.py,0
numpy/random/tests/test_direct.py,19250
numpy/random/tests/test_extending.py,4435
numpy/random/tests/test_generator_mt19937.py,117294
numpy/random/tests/test_generator_mt19937_regressions.py,8094
numpy/random/tests/test_random.py,70150
numpy/random/tests/test_randomstate.py,85275
numpy/random/tests/test_randomstate_regression.py,7999
numpy/random/tests/test_regression.py,5462
numpy/random/tests/test_seed_sequence.py,3311
numpy/random/tests/test_smoke.py,28174
numpy/testing/_private/__init__.py,0
numpy/testing/_private/extbuild.py,8106
numpy/testing/_private/utils.py,93189
numpy/testing/_private/utils.pyi,11463
numpy/testing/tests/__init__.py,0
numpy/testing/tests/test_utils.py,70456
numpy/typing/tests/__init__.py,0
numpy/typing/tests/test_isfile.py,865
numpy/typing/tests/test_runtime.py,3275
numpy/typing/tests/test_typing.py,8308
tools/ci/emscripten/emscripten.meson.cross,362
tools/swig/test/Array.i,2328
tools/swig/test/Array1.cxx,2309
tools/swig/test/Array1.h,889
tools/swig/test/Array2.cxx,3268
tools/swig/test/Array2.h,1078
tools/swig/test/ArrayZ.cxx,2405
tools/swig/test/ArrayZ.h,1004
tools/swig/test/Farray.cxx,2579
tools/swig/test/Farray.h,906
tools/swig/test/Farray.i,1299
tools/swig/test/Flat.cxx,1274
tools/swig/test/Flat.h,1259
tools/swig/test/Flat.i,887
tools/swig/test/Fortran.cxx,870
tools/swig/test/Fortran.h,734
tools/swig/test/Fortran.i,905
tools/swig/test/Makefile,889
tools/swig/test/Matrix.cxx,5145
tools/swig/test/Matrix.h,2210
tools/swig/test/Matrix.i,1402
tools/swig/test/SuperTensor.cxx,5453
tools/swig/test/SuperTensor.h,2500
tools/swig/test/SuperTensor.i,1697
tools/swig/test/Tensor.cxx,4569
tools/swig/test/Tensor.h,2336
tools/swig/test/Tensor.i,1548
tools/swig/test/Vector.cxx,3636
tools/swig/test/Vector.h,2303
tools/swig/test/Vector.i,1420
tools/swig/test/setup.py,2070
tools/swig/test/testArray.py,12915
tools/swig/test/testFarray.py,5102
tools/swig/test/testFlat.py,6788
tools/swig/test/testFortran.py,5688
tools/swig/test/testMatrix.py,14184
tools/swig/test/testSuperTensor.py,16452
tools/swig/test/testTensor.py,16320
tools/swig/test/testVector.py,14891
doc/source/_static/favicon/apple-touch-icon.png,23752
doc/source/_static/favicon/favicon-16x16.png,843
doc/source/_static/favicon/favicon-32x32.png,2292
doc/source/_static/favicon/favicon.ico,15406
doc/source/_static/index-images/api.svg,15005
doc/source/_static/index-images/contributor.svg,298
doc/source/_static/index-images/getting_started.svg,23725
doc/source/_static/index-images/user_guide.svg,1129
doc/source/_templates/autosummary/attribute.rst,357
doc/source/_templates/autosummary/base.rst,442
doc/source/_templates/autosummary/class.rst,862
doc/source/_templates/autosummary/member.rst,354
doc/source/_templates/autosummary/method.rst,354
doc/source/_templates/autosummary/minimal_module.rst,113
doc/source/_templates/autosummary/module.rst,824
doc/source/dev/examples/.doxyfile,43
doc/source/dev/examples/doxy_class.hpp,616
doc/source/dev/examples/doxy_func.h,313
doc/source/dev/examples/doxy_rst.h,261
doc/source/dev/governance/governance.rst,19576
doc/source/dev/governance/index.rst,106
doc/source/f2py/advanced/boilerplating.rst,3435
doc/source/f2py/advanced/use_cases.rst,5521
doc/source/f2py/buildtools/cmake.rst,2278
doc/source/f2py/buildtools/distutils-to-meson.rst,6420
doc/source/f2py/buildtools/distutils.rst,2664
doc/source/f2py/buildtools/index.rst,3436
doc/source/f2py/buildtools/meson.rst,3843
doc/source/f2py/buildtools/skbuild.rst,3255
doc/source/f2py/code/CMakeLists.txt,1929
doc/source/f2py/code/CMakeLists_skbuild.txt,2959
doc/source/f2py/code/add-edited.pyf,226
doc/source/f2py/code/add-improved.f,336
doc/source/f2py/code/add-test.f,256
doc/source/f2py/code/add.f,201
doc/source/f2py/code/add.pyf,184
doc/source/f2py/code/allocarr.f90,325
doc/source/f2py/code/array.f,399
doc/source/f2py/code/asterisk1.f90,127
doc/source/f2py/code/asterisk2.f90,186
doc/source/f2py/code/calculate.f,315
doc/source/f2py/code/callback.f,223
doc/source/f2py/code/callback2.pyf,466
doc/source/f2py/code/common.f,318
doc/source/f2py/code/extcallback.f,307
doc/source/f2py/code/f2cmap_demo.f,298
doc/source/f2py/code/fib1.f,347
doc/source/f2py/code/fib1.pyf,397
doc/source/f2py/code/fib2.pyf,243
doc/source/f2py/code/fib3.f,404
doc/source/f2py/code/filter.f,486
doc/source/f2py/code/ftype.f,232
doc/source/f2py/code/meson.build,860
doc/source/f2py/code/meson_upd.build,1018
doc/source/f2py/code/moddata.f90,422
doc/source/f2py/code/myroutine-edited.pyf,612
doc/source/f2py/code/myroutine.f90,202
doc/source/f2py/code/myroutine.pyf,624
doc/source/f2py/code/pyproj_skbuild.toml,139
doc/source/f2py/code/scalar.f,271
doc/source/f2py/code/setup_example.py,539
doc/source/f2py/code/setup_skbuild.py,210
doc/source/f2py/code/spam.pyf,471
doc/source/f2py/code/string.f,447
doc/source/f2py/code/var.pyf,202
doc/source/f2py/windows/conda.rst,1057
doc/source/f2py/windows/index.rst,9893
doc/source/f2py/windows/intel.rst,2851
doc/source/f2py/windows/msys2.rst,507
doc/source/f2py/windows/pgi.rst,744
doc/source/reference/c-api/array.rst,183166
doc/source/reference/c-api/config.rst,2647
doc/source/reference/c-api/coremath.rst,18543
doc/source/reference/c-api/data_memory.rst,8399
doc/source/reference/c-api/datetimes.rst,7184
doc/source/reference/c-api/deprecations.rst,3055
doc/source/reference/c-api/dtype.rst,14542
doc/source/reference/c-api/generalized-ufuncs.rst,16446
doc/source/reference/c-api/index.rst,1734
doc/source/reference/c-api/iterator.rst,57380
doc/source/reference/c-api/strings.rst,9496
doc/source/reference/c-api/types-and-structures.rst,62538
doc/source/reference/c-api/ufunc.rst,19229
doc/source/reference/distutils/misc_util.rst,150
doc/source/reference/figures/dtype-hierarchy.dia,5325
doc/source/reference/figures/dtype-hierarchy.pdf,18775
doc/source/reference/figures/dtype-hierarchy.png,32535
doc/source/reference/figures/nep-0050-promotion-no-fonts.svg,265093
doc/source/reference/figures/opt-infra.odg,13809
doc/source/reference/figures/opt-infra.png,54081
doc/source/reference/figures/threefundamental.fig,1934
doc/source/reference/figures/threefundamental.pdf,3408
doc/source/reference/figures/threefundamental.png,5608
doc/source/reference/random/c-api.rst,7615
doc/source/reference/random/compatibility.rst,4967
doc/source/reference/random/extending.rst,4060
doc/source/reference/random/generator.rst,6506
doc/source/reference/random/index.rst,6947
doc/source/reference/random/legacy.rst,4520
doc/source/reference/random/multithreading.rst,3975
doc/source/reference/random/new-or-different.rst,5517
doc/source/reference/random/parallel.rst,13442
doc/source/reference/random/performance.py,2550
doc/source/reference/random/performance.rst,6846
doc/source/reference/random/upgrading-pcg64.rst,9486
doc/source/reference/simd/build-options.rst,14935
doc/source/reference/simd/gen_features.py,6364
doc/source/reference/simd/how-it-works.rst,15600
doc/source/reference/simd/index.rst,1759
doc/source/reference/simd/log_example.txt,3929
doc/source/reference/simd/simd-optimizations.rst,268
doc/source/user/images/np_MSE_explanation.png,121824
doc/source/user/images/np_MSE_explanation2.png,13619
doc/source/user/images/np_MSE_formula.png,54565
doc/source/user/images/np_MSE_implementation.png,35306
doc/source/user/images/np_aggregation.png,62876
doc/source/user/images/np_array.png,37790
doc/source/user/images/np_array_data_ones.png,50280
doc/source/user/images/np_array_dataones.png,41744
doc/source/user/images/np_create_array.png,49283
doc/source/user/images/np_create_matrix.png,10556
doc/source/user/images/np_data_plus_ones.png,41249
doc/source/user/images/np_indexing.png,148808
doc/source/user/images/np_matrix_aggregation.png,82783
doc/source/user/images/np_matrix_aggregation_row.png,92518
doc/source/user/images/np_matrix_arithmetic.png,50525
doc/source/user/images/np_matrix_broadcasting.png,83076
doc/source/user/images/np_matrix_indexing.png,76013
doc/source/user/images/np_mse_viz1.png,55674
doc/source/user/images/np_mse_viz2.png,65627
doc/source/user/images/np_multiply_broadcasting.png,41152
doc/source/user/images/np_ones_zeros_matrix.png,82214
doc/source/user/images/np_ones_zeros_random.png,79887
doc/source/user/images/np_pandas.png,291225
doc/source/user/images/np_readcsv.png,17426
doc/source/user/images/np_reshape.png,108368
doc/source/user/images/np_sub_mult_divide.png,69527
doc/source/user/images/np_transposing_reshaping.png,57601
doc/source/user/plots/matplotlib1.py,135
doc/source/user/plots/matplotlib2.py,180
doc/source/user/plots/matplotlib3.py,303
doc/source/user/plots/meshgrid_plot.py,197
numpy/_core/include/numpy/.doxyfile,58
numpy/_core/include/numpy/_neighborhood_iterator_imp.h,1857
numpy/_core/include/numpy/_numpyconfig.h.in,932
numpy/_core/include/numpy/_public_dtype_api_table.h,4574
numpy/_core/include/numpy/arrayobject.h,204
numpy/_core/include/numpy/arrayscalars.h,4243
numpy/_core/include/numpy/dtype_api.h,19238
numpy/_core/include/numpy/halffloat.h,1959
numpy/_core/include/numpy/ndarrayobject.h,12057
numpy/_core/include/numpy/ndarraytypes.h,64951
numpy/_core/include/numpy/npy_1_7_deprecated_api.h,3746
numpy/_core/include/numpy/npy_2_compat.h,8546
numpy/_core/include/numpy/npy_2_complexcompat.h,857
numpy/_core/include/numpy/npy_3kcompat.h,9648
numpy/_core/include/numpy/npy_common.h,36551
numpy/_core/include/numpy/npy_cpu.h,4703
numpy/_core/include/numpy/npy_endian.h,2834
numpy/_core/include/numpy/npy_math.h,18890
numpy/_core/include/numpy/npy_no_deprecated_api.h,678
numpy/_core/include/numpy/npy_os.h,1256
numpy/_core/include/numpy/numpyconfig.h,7161
numpy/_core/include/numpy/ufuncobject.h,11911
numpy/_core/include/numpy/utils.h,1185
numpy/_core/src/_simd/_simd.c,4754
numpy/_core/src/_simd/_simd.dispatch.c.src,28168
numpy/_core/src/_simd/_simd.h,1127
numpy/_core/src/_simd/_simd_arg.inc,2567
numpy/_core/src/_simd/_simd_convert.inc,6759
numpy/_core/src/_simd/_simd_data.inc.src,3637
numpy/_core/src/_simd/_simd_easyintrin.inc,17044
numpy/_core/src/_simd/_simd_inc.h.src,13251
numpy/_core/src/_simd/_simd_vector.inc,6096
numpy/_core/src/common/.doxyfile,25
numpy/_core/src/common/array_assign.c,4986
numpy/_core/src/common/array_assign.h,4008
numpy/_core/src/common/binop_override.h,9825
numpy/_core/src/common/cblasfuncs.c,24537
numpy/_core/src/common/cblasfuncs.h,242
numpy/_core/src/common/common.hpp,418
numpy/_core/src/common/float_status.hpp,3424
numpy/_core/src/common/get_attr_string.h,2454
numpy/_core/src/common/gil_utils.c,868
numpy/_core/src/common/gil_utils.h,280
numpy/_core/src/common/half.hpp,8212
numpy/_core/src/common/half_private.hpp,11838
numpy/_core/src/common/lowlevel_strided_loops.h,30148
numpy/_core/src/common/mem_overlap.c,25983
numpy/_core/src/common/mem_overlap.h,1505
numpy/_core/src/common/meta.hpp,1307
numpy/_core/src/common/npdef.hpp,601
numpy/_core/src/common/npstd.hpp,1295
numpy/_core/src/common/npy_argparse.c,14412
numpy/_core/src/common/npy_argparse.h,3587
numpy/_core/src/common/npy_atomic.h,2948
numpy/_core/src/common/npy_binsearch.h,994
numpy/_core/src/common/npy_cblas.h,3499
numpy/_core/src/common/npy_cblas_base.h,38920
numpy/_core/src/common/npy_config.h,4137
numpy/_core/src/common/npy_cpu_dispatch.c,2220
numpy/_core/src/common/npy_cpu_dispatch.h,5645
numpy/_core/src/common/npy_cpu_dispatch_distutils.h,5540
numpy/_core/src/common/npy_cpu_features.c,31095
numpy/_core/src/common/npy_cpu_features.h,7390
numpy/_core/src/common/npy_cpuinfo_parser.h,7677
numpy/_core/src/common/npy_ctypes.h,1187
numpy/_core/src/common/npy_dlpack.h,996
numpy/_core/src/common/npy_extint128.h,6630
numpy/_core/src/common/npy_fpmath.h,1033
numpy/_core/src/common/npy_hashtable.c,7173
numpy/_core/src/common/npy_hashtable.h,920
numpy/_core/src/common/npy_import.c,492
numpy/_core/src/common/npy_import.h,3379
numpy/_core/src/common/npy_longdouble.c,4614
numpy/_core/src/common/npy_longdouble.h,786
numpy/_core/src/common/npy_partition.h,917
numpy/_core/src/common/npy_pycompat.h,266
numpy/_core/src/common/npy_sort.h.src,3763
numpy/_core/src/common/npy_svml.h,3424
numpy/_core/src/common/numpy_tag.h,7380
numpy/_core/src/common/numpyos.c,22934
numpy/_core/src/common/numpyos.h,1629
numpy/_core/src/common/python_xerbla.c,1324
numpy/_core/src/common/pythoncapi-compat,0
numpy/_core/src/common/templ_common.h.src,2471
numpy/_core/src/common/ucsnarrow.c,1802
numpy/_core/src/common/ucsnarrow.h,256
numpy/_core/src/common/ufunc_override.c,3811
numpy/_core/src/common/ufunc_override.h,1389
numpy/_core/src/common/umathmodule.h,573
numpy/_core/src/common/utils.hpp,3075
numpy/_core/src/multiarray/_datetime.h,10575
numpy/_core/src/multiarray/_multiarray_tests.c.src,65704
numpy/_core/src/multiarray/abstractdtypes.c,16433
numpy/_core/src/multiarray/abstractdtypes.h,2779
numpy/_core/src/multiarray/alloc.c,15488
numpy/_core/src/multiarray/alloc.h,1524
numpy/_core/src/multiarray/argfunc.dispatch.c.src,13282
numpy/_core/src/multiarray/array_api_standard.c,2362
numpy/_core/src/multiarray/array_api_standard.h,471
numpy/_core/src/multiarray/array_assign_array.c,16294
numpy/_core/src/multiarray/array_assign_scalar.c,10930
numpy/_core/src/multiarray/array_coercion.c,51775
numpy/_core/src/multiarray/array_coercion.h,2096
numpy/_core/src/multiarray/array_converter.c,13127
numpy/_core/src/multiarray/array_converter.h,831
numpy/_core/src/multiarray/array_method.c,34277
numpy/_core/src/multiarray/array_method.h,4681
numpy/_core/src/multiarray/arrayfunction_override.c,23095
numpy/_core/src/multiarray/arrayfunction_override.h,758
numpy/_core/src/multiarray/arrayobject.c,41345
numpy/_core/src/multiarray/arrayobject.h,2395
numpy/_core/src/multiarray/arraytypes.c.src,124153
numpy/_core/src/multiarray/arraytypes.h.src,5000
numpy/_core/src/multiarray/arraywrap.c,10143
numpy/_core/src/multiarray/arraywrap.h,719
numpy/_core/src/multiarray/buffer.c,33876
numpy/_core/src/multiarray/calculation.c,22712
numpy/_core/src/multiarray/calculation.h,2333
numpy/_core/src/multiarray/can_cast_table.h,5455
numpy/_core/src/multiarray/common.c,13807
numpy/_core/src/multiarray/common.h,10974
numpy/_core/src/multiarray/common_dtype.c,11874
numpy/_core/src/multiarray/compiled_base.c,62613
numpy/_core/src/multiarray/compiled_base.h,1053
numpy/_core/src/multiarray/conversion_utils.c,39243
numpy/_core/src/multiarray/conversion_utils.h,3431
numpy/_core/src/multiarray/convert.c,16168
numpy/_core/src/multiarray/convert.h,246
numpy/_core/src/multiarray/convert_datatype.c,113238
numpy/_core/src/multiarray/convert_datatype.h,3629
numpy/_core/src/multiarray/ctors.c,127760
numpy/_core/src/multiarray/ctors.h,4848
numpy/_core/src/multiarray/datetime.c,126323
numpy/_core/src/multiarray/datetime_busday.c,42735
numpy/_core/src/multiarray/datetime_busday.h,792
numpy/_core/src/multiarray/datetime_busdaycal.c,14385
numpy/_core/src/multiarray/datetime_busdaycal.h,1905
numpy/_core/src/multiarray/datetime_strings.c,45572
numpy/_core/src/multiarray/datetime_strings.h,379
numpy/_core/src/multiarray/descriptor.c,116753
numpy/_core/src/multiarray/descriptor.h,2085
numpy/_core/src/multiarray/dlpack.c,23164
numpy/_core/src/multiarray/dragon4.c,112922
numpy/_core/src/multiarray/dragon4.h,5307
numpy/_core/src/multiarray/dtype_transfer.c,126253
numpy/_core/src/multiarray/dtype_transfer.h,6894
numpy/_core/src/multiarray/dtype_traversal.c,20358
numpy/_core/src/multiarray/dtype_traversal.h,3138
numpy/_core/src/multiarray/dtypemeta.c,50342
numpy/_core/src/multiarray/dtypemeta.h,11279
numpy/_core/src/multiarray/einsum.c.src,38760
numpy/_core/src/multiarray/einsum_debug.h,881
numpy/_core/src/multiarray/einsum_sumprod.c.src,40486
numpy/_core/src/multiarray/einsum_sumprod.h,446
numpy/_core/src/multiarray/flagsobject.c,19556
numpy/_core/src/multiarray/flagsobject.h,466
numpy/_core/src/multiarray/getset.c,27893
numpy/_core/src/multiarray/getset.h,193
numpy/_core/src/multiarray/hashdescr.c,8530
numpy/_core/src/multiarray/hashdescr.h,211
numpy/_core/src/multiarray/item_selection.c,95671
numpy/_core/src/multiarray/item_selection.h,1022
numpy/_core/src/multiarray/iterators.c,53674
numpy/_core/src/multiarray/iterators.h,393
numpy/_core/src/multiarray/legacy_dtype_implementation.c,18267
numpy/_core/src/multiarray/legacy_dtype_implementation.h,324
numpy/_core/src/multiarray/lowlevel_strided_loops.c.src,56668
numpy/_core/src/multiarray/mapping.c,115030
numpy/_core/src/multiarray/mapping.h,5835
numpy/_core/src/multiarray/methods.c,91033
numpy/_core/src/multiarray/methods.h,685
numpy/_core/src/multiarray/multiarraymodule.c,152909
numpy/_core/src/multiarray/multiarraymodule.h,2648
numpy/_core/src/multiarray/nditer_api.c,101911
numpy/_core/src/multiarray/nditer_constr.c,115174
numpy/_core/src/multiarray/nditer_impl.h,14025
numpy/_core/src/multiarray/nditer_pywrap.c,70685
numpy/_core/src/multiarray/nditer_pywrap.h,287
numpy/_core/src/multiarray/nditer_templ.c.src,19274
numpy/_core/src/multiarray/npy_buffer.h,432
numpy/_core/src/multiarray/npy_static_data.c,9188
numpy/_core/src/multiarray/npy_static_data.h,4675
numpy/_core/src/multiarray/number.c,25994
numpy/_core/src/multiarray/number.h,1821
numpy/_core/src/multiarray/public_dtype_api.c,6561
numpy/_core/src/multiarray/public_dtype_api.h,423
numpy/_core/src/multiarray/refcount.c,15802
numpy/_core/src/multiarray/refcount.h,810
numpy/_core/src/multiarray/scalarapi.c,20475
numpy/_core/src/multiarray/scalartypes.c.src,134109
numpy/_core/src/multiarray/scalartypes.h,1013
numpy/_core/src/multiarray/sequence.c,2341
numpy/_core/src/multiarray/sequence.h,204
numpy/_core/src/multiarray/shape.c,30911
numpy/_core/src/multiarray/shape.h,1198
numpy/_core/src/multiarray/strfuncs.c,2667
numpy/_core/src/multiarray/strfuncs.h,410
numpy/_core/src/multiarray/temp_elide.c,13126
numpy/_core/src/multiarray/temp_elide.h,512
numpy/_core/src/multiarray/usertypes.c,21728
numpy/_core/src/multiarray/usertypes.h,901
numpy/_core/src/multiarray/vdot.c,5159
numpy/_core/src/multiarray/vdot.h,540
numpy/_core/src/npymath/arm64_exports.c,694
numpy/_core/src/npymath/halffloat.cpp,5567
numpy/_core/src/npymath/ieee754.c.src,11916
numpy/_core/src/npymath/ieee754.cpp,12677
numpy/_core/src/npymath/npy_math.c,272
numpy/_core/src/npymath/npy_math_common.h,177
numpy/_core/src/npymath/npy_math_complex.c.src,52434
numpy/_core/src/npymath/npy_math_internal.h.src,18512
numpy/_core/src/npymath/npy_math_private.h,15698
numpy/_core/src/npysort/binsearch.cpp,12306
numpy/_core/src/npysort/heapsort.cpp,17075
numpy/_core/src/npysort/heapsort.hpp,1546
numpy/_core/src/npysort/highway_qsort.dispatch.cpp,600
numpy/_core/src/npysort/highway_qsort.hpp,1461
numpy/_core/src/npysort/highway_qsort_16bit.dispatch.cpp,810
numpy/_core/src/npysort/mergesort.cpp,20632
numpy/_core/src/npysort/npysort_common.h,8216
numpy/_core/src/npysort/npysort_heapsort.h,5797
numpy/_core/src/npysort/quicksort.cpp,30391
numpy/_core/src/npysort/quicksort.hpp,2562
numpy/_core/src/npysort/radixsort.cpp,8810
numpy/_core/src/npysort/selection.cpp,17066
numpy/_core/src/npysort/timsort.cpp,71143
numpy/_core/src/npysort/x86-simd-sort,0
numpy/_core/src/npysort/x86_simd_argsort.dispatch.cpp,821
numpy/_core/src/npysort/x86_simd_qsort.dispatch.cpp,726
numpy/_core/src/npysort/x86_simd_qsort.hpp,1084
numpy/_core/src/npysort/x86_simd_qsort_16bit.dispatch.cpp,1606
numpy/_core/src/umath/_operand_flag_tests.c,2266
numpy/_core/src/umath/_rational_tests.c,41045
numpy/_core/src/umath/_scaled_float_dtype.c,25523
numpy/_core/src/umath/_struct_ufunc_tests.c,4196
numpy/_core/src/umath/_umath_tests.c.src,30308
numpy/_core/src/umath/_umath_tests.dispatch.c,1091
numpy/_core/src/umath/clip.cpp,10862
numpy/_core/src/umath/clip.h,2778
numpy/_core/src/umath/dispatching.c,49214
numpy/_core/src/umath/dispatching.h,1359
numpy/_core/src/umath/extobj.c,15782
numpy/_core/src/umath/extobj.h,1341
numpy/_core/src/umath/fast_loop_macros.h,12881
numpy/_core/src/umath/funcs.inc.src,9293
numpy/_core/src/umath/legacy_array_method.c,14173
numpy/_core/src/umath/legacy_array_method.h,1043
numpy/_core/src/umath/loops.c.src,74767
numpy/_core/src/umath/loops.h.src,28333
numpy/_core/src/umath/loops_arithm_fp.dispatch.c.src,25159
numpy/_core/src/umath/loops_arithmetic.dispatch.c.src,18637
numpy/_core/src/umath/loops_autovec.dispatch.c.src,9954
numpy/_core/src/umath/loops_comparison.dispatch.c.src,16380
numpy/_core/src/umath/loops_exponent_log.dispatch.c.src,51584
numpy/_core/src/umath/loops_hyperbolic.dispatch.c.src,37418
numpy/_core/src/umath/loops_logical.dispatch.c.src,10867
numpy/_core/src/umath/loops_minmax.dispatch.c.src,16426
numpy/_core/src/umath/loops_modulo.dispatch.c.src,23119
numpy/_core/src/umath/loops_trigonometric.dispatch.cpp,10192
numpy/_core/src/umath/loops_umath_fp.dispatch.c.src,10417
numpy/_core/src/umath/loops_unary.dispatch.c.src,11589
numpy/_core/src/umath/loops_unary_complex.dispatch.c.src,4679
numpy/_core/src/umath/loops_unary_fp.dispatch.c.src,7707
numpy/_core/src/umath/loops_unary_fp_le.dispatch.c.src,20676
numpy/_core/src/umath/loops_utils.h.src,8001
numpy/_core/src/umath/matmul.c.src,22133
numpy/_core/src/umath/matmul.h.src,740
numpy/_core/src/umath/npy_simd_data.h,7826
numpy/_core/src/umath/override.c,13632
numpy/_core/src/umath/override.h,373
numpy/_core/src/umath/reduction.c,16212
numpy/_core/src/umath/reduction.h,3368
numpy/_core/src/umath/scalarmath.c.src,59873
numpy/_core/src/umath/special_integer_comparisons.cpp,13675
numpy/_core/src/umath/special_integer_comparisons.h,295
numpy/_core/src/umath/string_buffer.h,42503
numpy/_core/src/umath/string_fastsearch.h,44709
numpy/_core/src/umath/string_ufuncs.cpp,55394
numpy/_core/src/umath/string_ufuncs.h,397
numpy/_core/src/umath/stringdtype_ufuncs.cpp,96062
numpy/_core/src/umath/stringdtype_ufuncs.h,286
numpy/_core/src/umath/svml,0
numpy/_core/src/umath/ufunc_object.c,218437
numpy/_core/src/umath/ufunc_object.h,280
numpy/_core/src/umath/ufunc_type_resolution.c,77972
numpy/_core/src/umath/ufunc_type_resolution.h,5955
numpy/_core/src/umath/umathmodule.c,9137
numpy/_core/src/umath/wrapping_array_method.c,10932
numpy/_core/tests/data/astype_copy.pkl,716
numpy/_core/tests/data/generate_umath_validation_data.cpp,5842
numpy/_core/tests/data/recarray_from_file.fits,8640
numpy/_core/tests/data/umath-validation-set-README.txt,967
numpy/_core/tests/data/umath-validation-set-arccos.csv,61365
numpy/_core/tests/data/umath-validation-set-arccosh.csv,61365
numpy/_core/tests/data/umath-validation-set-arcsin.csv,61339
numpy/_core/tests/data/umath-validation-set-arcsinh.csv,60289
numpy/_core/tests/data/umath-validation-set-arctan.csv,60305
numpy/_core/tests/data/umath-validation-set-arctanh.csv,61339
numpy/_core/tests/data/umath-validation-set-cbrt.csv,60846
numpy/_core/tests/data/umath-validation-set-cos.csv,59122
numpy/_core/tests/data/umath-validation-set-cosh.csv,60869
numpy/_core/tests/data/umath-validation-set-exp.csv,17491
numpy/_core/tests/data/umath-validation-set-exp2.csv,58624
numpy/_core/tests/data/umath-validation-set-expm1.csv,60299
numpy/_core/tests/data/umath-validation-set-log.csv,11692
numpy/_core/tests/data/umath-validation-set-log10.csv,68922
numpy/_core/tests/data/umath-validation-set-log1p.csv,60303
numpy/_core/tests/data/umath-validation-set-log2.csv,68917
numpy/_core/tests/data/umath-validation-set-sin.csv,58611
numpy/_core/tests/data/umath-validation-set-sinh.csv,60293
numpy/_core/tests/data/umath-validation-set-tan.csv,60299
numpy/_core/tests/data/umath-validation-set-tanh.csv,60299
numpy/lib/tests/data/py2-np0-objarr.npy,258
numpy/lib/tests/data/py2-objarr.npy,258
numpy/lib/tests/data/py2-objarr.npz,366
numpy/lib/tests/data/py3-objarr.npy,325
numpy/lib/tests/data/py3-objarr.npz,453
numpy/lib/tests/data/python3.npy,96
numpy/lib/tests/data/win64python2.npy,96
numpy/random/_examples/cffi/extending.py,880
numpy/random/_examples/cffi/parse.py,1751
numpy/random/_examples/cython/extending.pyx,2290
numpy/random/_examples/cython/extending_distributions.pyx,3870
numpy/random/_examples/cython/meson.build,1694
numpy/random/_examples/numba/extending.py,1957
numpy/random/_examples/numba/extending_distributions.py,2036
numpy/random/src/distributions/LICENSE.md,2745
numpy/random/src/distributions/distributions.c,48793
numpy/random/src/distributions/logfactorial.c,3684
numpy/random/src/distributions/logfactorial.h,109
numpy/random/src/distributions/random_hypergeometric.c,8071
numpy/random/src/distributions/random_mvhg_count.c,4537
numpy/random/src/distributions/random_mvhg_marginals.c,5131
numpy/random/src/distributions/ziggurat_constants.h,74983
numpy/random/src/legacy/legacy-distributions.c,15064
numpy/random/src/mt19937/LICENSE.md,2926
numpy/random/src/mt19937/mt19937-benchmark.c,779
numpy/random/src/mt19937/mt19937-jump.c,2840
numpy/random/src/mt19937/mt19937-jump.h,9921
numpy/random/src/mt19937/mt19937-test-data-gen.c,1347
numpy/random/src/mt19937/mt19937.c,3071
numpy/random/src/mt19937/mt19937.h,1497
numpy/random/src/mt19937/randomkit.c,14635
numpy/random/src/mt19937/randomkit.h,6741
numpy/random/src/pcg64/LICENSE.md,1154
numpy/random/src/pcg64/pcg64-benchmark.c,1166
numpy/random/src/pcg64/pcg64-test-data-gen.c,1786
numpy/random/src/pcg64/pcg64.c,7616
numpy/random/src/pcg64/pcg64.h,13310
numpy/random/src/pcg64/pcg64.orig.c,500
numpy/random/src/pcg64/pcg64.orig.h,63161
numpy/random/src/philox/LICENSE.md,1509
numpy/random/src/philox/philox-benchmark.c,978
numpy/random/src/philox/philox-test-data-gen.c,1866
numpy/random/src/philox/philox.c,699
numpy/random/src/philox/philox.h,6698
numpy/random/src/sfc64/LICENSE.md,1226
numpy/random/src/sfc64/sfc64.c,953
numpy/random/src/sfc64/sfc64.h,1356
numpy/random/src/splitmix64/LICENSE.md,332
numpy/random/src/splitmix64/splitmix64.c,1132
numpy/random/src/splitmix64/splitmix64.h,788
numpy/random/src/splitmix64/splitmix64.orig.c,1087
numpy/random/tests/data/__init__.py,0
numpy/random/tests/data/generator_pcg64_np121.pkl.gz,203
numpy/random/tests/data/generator_pcg64_np126.pkl.gz,208
numpy/random/tests/data/mt19937-testset-1.csv,15844
numpy/random/tests/data/mt19937-testset-2.csv,15825
numpy/random/tests/data/pcg64-testset-1.csv,23839
numpy/random/tests/data/pcg64-testset-2.csv,23845
numpy/random/tests/data/pcg64dxsm-testset-1.csv,23833
numpy/random/tests/data/pcg64dxsm-testset-2.csv,23839
numpy/random/tests/data/philox-testset-1.csv,23852
numpy/random/tests/data/philox-testset-2.csv,23838
numpy/random/tests/data/sfc64-testset-1.csv,23840
numpy/random/tests/data/sfc64-testset-2.csv,23833
numpy/random/tests/data/sfc64_np126.pkl.gz,290
numpy/typing/tests/data/mypy.ini,285
doc/source/f2py/code/results/allocarr_session.dat,925
doc/source/f2py/code/results/array_session.dat,1958
doc/source/f2py/code/results/asterisk1_session.dat,58
doc/source/f2py/code/results/asterisk2_session.dat,90
doc/source/f2py/code/results/calculate_session.dat,227
doc/source/f2py/code/results/callback_session.dat,505
doc/source/f2py/code/results/common_session.dat,833
doc/source/f2py/code/results/extcallback_session.dat,406
doc/source/f2py/code/results/ftype_session.dat,537
doc/source/f2py/code/results/moddata_session.dat,674
doc/source/f2py/code/results/run_main_session.dat,574
doc/source/f2py/code/results/scalar_session.dat,483
doc/source/f2py/code/results/spam_session.dat,125
doc/source/f2py/code/results/string_session.dat,541
doc/source/f2py/code/results/var_session.dat,28
doc/source/reference/random/bit_generators/index.rst,6248
doc/source/reference/random/bit_generators/mt19937.rst,442
doc/source/reference/random/bit_generators/pcg64.rst,490
doc/source/reference/random/bit_generators/pcg64dxsm.rst,524
doc/source/reference/random/bit_generators/philox.rst,452
doc/source/reference/random/bit_generators/sfc64.rst,339
doc/source/reference/random/examples/cffi.rst,137
doc/source/reference/random/examples/numba.rst,140
doc/source/reference/random/examples/numba_cffi.rst,172
doc/source/reference/simd/generated_tables/compilers-diff.inc,8681
doc/source/reference/simd/generated_tables/cpu_features.inc,9785
numpy/_core/include/numpy/libdivide/LICENSE.txt,1018
numpy/_core/include/numpy/libdivide/libdivide.h,80138
numpy/_core/include/numpy/random/bitgen.h,488
numpy/_core/include/numpy/random/distributions.h,9861
numpy/_core/src/common/dlpack/dlpack.h,10458
numpy/_core/src/common/simd/emulate_maskop.h,2832
numpy/_core/src/common/simd/intdiv.h,17598
numpy/_core/src/common/simd/simd.h,7768
numpy/_core/src/common/simd/simd_utils.h,2650
numpy/_core/src/multiarray/stringdtype/casts.c,86268
numpy/_core/src/multiarray/stringdtype/casts.h,204
numpy/_core/src/multiarray/stringdtype/dtype.c,28901
numpy/_core/src/multiarray/stringdtype/dtype.h,1900
numpy/_core/src/multiarray/stringdtype/static_string.c,26181
numpy/_core/src/multiarray/stringdtype/static_string.h,4771
numpy/_core/src/multiarray/stringdtype/utf8_utils.c,10987
numpy/_core/src/multiarray/stringdtype/utf8_utils.h,1318
numpy/_core/src/multiarray/textreading/conversions.c,10153
numpy/_core/src/multiarray/textreading/conversions.h,1744
numpy/_core/src/multiarray/textreading/field_types.c,6248
numpy/_core/src/multiarray/textreading/field_types.h,2842
numpy/_core/src/multiarray/textreading/growth.c,1583
numpy/_core/src/multiarray/textreading/growth.h,346
numpy/_core/src/multiarray/textreading/parser_config.h,2300
numpy/_core/src/multiarray/textreading/readtext.c,10140
numpy/_core/src/multiarray/textreading/readtext.h,314
numpy/_core/src/multiarray/textreading/rows.c,19580
numpy/_core/src/multiarray/textreading/rows.h,691
numpy/_core/src/multiarray/textreading/str_to_int.c,7016
numpy/_core/src/multiarray/textreading/str_to_int.h,4311
numpy/_core/src/multiarray/textreading/stream.h,1627
numpy/_core/src/multiarray/textreading/stream_pyobject.c,5561
numpy/_core/src/multiarray/textreading/stream_pyobject.h,448
numpy/_core/src/multiarray/textreading/tokenize.cpp,15324
numpy/_core/src/multiarray/textreading/tokenize.h,2411
numpy/_core/tests/examples/cython/checks.pyx,7344
numpy/_core/tests/examples/cython/meson.build,1268
numpy/_core/tests/examples/cython/setup.py,857
numpy/_core/tests/examples/limited_api/limited_api1.c,346
numpy/_core/tests/examples/limited_api/limited_api2.pyx,203
numpy/_core/tests/examples/limited_api/limited_api_latest.c,452
numpy/_core/tests/examples/limited_api/meson.build,1627
numpy/_core/tests/examples/limited_api/setup.py,435
numpy/f2py/tests/src/abstract_interface/foo.f90,658
numpy/f2py/tests/src/abstract_interface/gh18403_mod.f90,105
numpy/f2py/tests/src/array_from_pyobj/wrapmodule.c,7478
numpy/f2py/tests/src/assumed_shape/.f2py_f2cmap,29
numpy/f2py/tests/src/assumed_shape/foo_free.f90,460
numpy/f2py/tests/src/assumed_shape/foo_mod.f90,499
numpy/f2py/tests/src/assumed_shape/foo_use.f90,269
numpy/f2py/tests/src/assumed_shape/precision.f90,130
numpy/f2py/tests/src/block_docstring/foo.f,97
numpy/f2py/tests/src/callback/foo.f,1254
numpy/f2py/tests/src/callback/gh17797.f90,148
numpy/f2py/tests/src/callback/gh18335.f90,506
numpy/f2py/tests/src/callback/gh25211.f,179
numpy/f2py/tests/src/callback/gh25211.pyf,447
numpy/f2py/tests/src/cli/gh_22819.pyf,142
numpy/f2py/tests/src/cli/hi77.f,71
numpy/f2py/tests/src/cli/hiworld.f90,51
numpy/f2py/tests/src/common/block.f,224
numpy/f2py/tests/src/common/gh19161.f90,193
numpy/f2py/tests/src/crackfortran/accesstype.f90,208
numpy/f2py/tests/src/crackfortran/data_common.f,193
numpy/f2py/tests/src/crackfortran/data_multiplier.f,197
numpy/f2py/tests/src/crackfortran/data_stmts.f90,693
numpy/f2py/tests/src/crackfortran/data_with_comments.f,175
numpy/f2py/tests/src/crackfortran/foo_deps.f90,128
numpy/f2py/tests/src/crackfortran/gh15035.f,375
numpy/f2py/tests/src/crackfortran/gh17859.f,340
numpy/f2py/tests/src/crackfortran/gh22648.pyf,241
numpy/f2py/tests/src/crackfortran/gh23533.f,126
numpy/f2py/tests/src/crackfortran/gh23598.f90,101
numpy/f2py/tests/src/crackfortran/gh23598Warn.f90,205
numpy/f2py/tests/src/crackfortran/gh23879.f90,332
numpy/f2py/tests/src/crackfortran/gh2848.f90,282
numpy/f2py/tests/src/crackfortran/operators.f90,1184
numpy/f2py/tests/src/crackfortran/privatemod.f90,174
numpy/f2py/tests/src/crackfortran/publicmod.f90,167
numpy/f2py/tests/src/crackfortran/pubprivmod.f90,165
numpy/f2py/tests/src/crackfortran/unicode_comment.f90,98
numpy/f2py/tests/src/f2cmap/.f2py_f2cmap,82
numpy/f2py/tests/src/f2cmap/isoFortranEnvMap.f90,298
numpy/f2py/tests/src/isocintrin/isoCtests.f90,998
numpy/f2py/tests/src/kind/foo.f90,347
numpy/f2py/tests/src/mixed/foo.f,85
numpy/f2py/tests/src/mixed/foo_fixed.f90,179
numpy/f2py/tests/src/mixed/foo_free.f90,139
numpy/f2py/tests/src/modules/module_data_docstring.f90,224
numpy/f2py/tests/src/modules/use_modules.f90,398
numpy/f2py/tests/src/negative_bounds/issue_20853.f90,157
numpy/f2py/tests/src/parameter/constant_array.f90,1468
numpy/f2py/tests/src/parameter/constant_both.f90,1939
numpy/f2py/tests/src/parameter/constant_compound.f90,469
numpy/f2py/tests/src/parameter/constant_integer.f90,612
numpy/f2py/tests/src/parameter/constant_non_compound.f90,609
numpy/f2py/tests/src/parameter/constant_real.f90,610
numpy/f2py/tests/src/quoted_character/foo.f,482
numpy/f2py/tests/src/regression/AB.inc,16
numpy/f2py/tests/src/regression/f77comments.f,626
numpy/f2py/tests/src/regression/f77fixedform.f95,139
numpy/f2py/tests/src/regression/f90continuation.f90,276
numpy/f2py/tests/src/regression/incfile.f90,92
numpy/f2py/tests/src/regression/inout.f90,277
numpy/f2py/tests/src/return_character/foo77.f,980
numpy/f2py/tests/src/return_character/foo90.f90,1248
numpy/f2py/tests/src/return_complex/foo77.f,973
numpy/f2py/tests/src/return_complex/foo90.f90,1238
numpy/f2py/tests/src/return_integer/foo77.f,1178
numpy/f2py/tests/src/return_integer/foo90.f90,1531
numpy/f2py/tests/src/return_logical/foo77.f,1188
numpy/f2py/tests/src/return_logical/foo90.f90,1531
numpy/f2py/tests/src/return_real/foo77.f,933
numpy/f2py/tests/src/return_real/foo90.f90,1194
numpy/f2py/tests/src/size/foo.f90,815
numpy/f2py/tests/src/string/char.f90,618
numpy/f2py/tests/src/string/fixed_string.f90,695
numpy/f2py/tests/src/string/gh24008.f,217
numpy/f2py/tests/src/string/gh24662.f90,197
numpy/f2py/tests/src/string/gh25286.f90,304
numpy/f2py/tests/src/string/gh25286.pyf,381
numpy/f2py/tests/src/string/gh25286_bc.pyf,384
numpy/f2py/tests/src/string/scalar_string.f90,176
numpy/f2py/tests/src/string/string.f,248
numpy/f2py/tests/src/value_attrspec/gh21665.f90,190
numpy/typing/tests/data/fail/arithmetic.pyi,3781
numpy/typing/tests/data/fail/array_constructors.pyi,1129
numpy/typing/tests/data/fail/array_like.pyi,455
numpy/typing/tests/data/fail/array_pad.pyi,132
numpy/typing/tests/data/fail/arrayprint.pyi,590
numpy/typing/tests/data/fail/arrayterator.pyi,470
numpy/typing/tests/data/fail/bitwise_ops.pyi,583
numpy/typing/tests/data/fail/char.pyi,2712
numpy/typing/tests/data/fail/chararray.pyi,2307
numpy/typing/tests/data/fail/comparisons.pyi,822
numpy/typing/tests/data/fail/constants.pyi,85
numpy/typing/tests/data/fail/datasource.pyi,405
numpy/typing/tests/data/fail/dtype.pyi,334
numpy/typing/tests/data/fail/einsumfunc.pyi,487
numpy/typing/tests/data/fail/flatiter.pyi,866
numpy/typing/tests/data/fail/fromnumeric.pyi,5703
numpy/typing/tests/data/fail/histograms.pyi,367
numpy/typing/tests/data/fail/index_tricks.pyi,509
numpy/typing/tests/data/fail/lib_function_base.pyi,2689
numpy/typing/tests/data/fail/lib_polynomial.pyi,899
numpy/typing/tests/data/fail/lib_utils.pyi,96
numpy/typing/tests/data/fail/lib_version.pyi,158
numpy/typing/tests/data/fail/linalg.pyi,1322
numpy/typing/tests/data/fail/memmap.pyi,159
numpy/typing/tests/data/fail/modules.pyi,670
numpy/typing/tests/data/fail/multiarray.pyi,1643
numpy/typing/tests/data/fail/ndarray.pyi,404
numpy/typing/tests/data/fail/ndarray_misc.pyi,1333
numpy/typing/tests/data/fail/nditer.pyi,325
numpy/typing/tests/data/fail/nested_sequence.pyi,427
numpy/typing/tests/data/fail/npyio.pyi,628
numpy/typing/tests/data/fail/numerictypes.pyi,120
numpy/typing/tests/data/fail/random.pyi,2821
numpy/typing/tests/data/fail/rec.pyi,704
numpy/typing/tests/data/fail/scalars.pyi,2951
numpy/typing/tests/data/fail/shape.pyi,137
numpy/typing/tests/data/fail/shape_base.pyi,152
numpy/typing/tests/data/fail/stride_tricks.pyi,315
numpy/typing/tests/data/fail/strings.pyi,2629
numpy/typing/tests/data/fail/testing.pyi,1362
numpy/typing/tests/data/fail/twodim_base.pyi,898
numpy/typing/tests/data/fail/type_check.pyi,379
numpy/typing/tests/data/fail/ufunc_config.pyi,734
numpy/typing/tests/data/fail/ufunclike.pyi,627
numpy/typing/tests/data/fail/ufuncs.pyi,476
numpy/typing/tests/data/fail/warnings_and_errors.pyi,185
numpy/typing/tests/data/misc/extended_precision.pyi,884
numpy/typing/tests/data/pass/arithmetic.py,7447
numpy/typing/tests/data/pass/array_constructors.py,2447
numpy/typing/tests/data/pass/array_like.py,1056
numpy/typing/tests/data/pass/arrayprint.py,766
numpy/typing/tests/data/pass/arrayterator.py,393
numpy/typing/tests/data/pass/bitwise_ops.py,964
numpy/typing/tests/data/pass/comparisons.py,2993
numpy/typing/tests/data/pass/dtype.py,1070
numpy/typing/tests/data/pass/einsumfunc.py,1370
numpy/typing/tests/data/pass/flatiter.py,174
numpy/typing/tests/data/pass/fromnumeric.py,3991
numpy/typing/tests/data/pass/index_tricks.py,1492
numpy/typing/tests/data/pass/lib_utils.py,317
numpy/typing/tests/data/pass/lib_version.py,299
numpy/typing/tests/data/pass/literal.py,1504
numpy/typing/tests/data/pass/ma.py,171
numpy/typing/tests/data/pass/mod.py,1576
numpy/typing/tests/data/pass/modules.py,625
numpy/typing/tests/data/pass/multiarray.py,1331
numpy/typing/tests/data/pass/ndarray_conversion.py,1525
numpy/typing/tests/data/pass/ndarray_misc.py,2619
numpy/typing/tests/data/pass/ndarray_shape_manipulation.py,640
numpy/typing/tests/data/pass/numeric.py,1531
numpy/typing/tests/data/pass/numerictypes.py,331
numpy/typing/tests/data/pass/random.py,61824
numpy/typing/tests/data/pass/scalars.py,3382
numpy/typing/tests/data/pass/shape.py,449
numpy/typing/tests/data/pass/simple.py,2718
numpy/typing/tests/data/pass/simple_py3.py,96
numpy/typing/tests/data/pass/ufunc_config.py,1205
numpy/typing/tests/data/pass/ufunclike.py,1125
numpy/typing/tests/data/pass/ufuncs.py,422
numpy/typing/tests/data/pass/warnings_and_errors.py,161
numpy/typing/tests/data/reveal/arithmetic.pyi,19736
numpy/typing/tests/data/reveal/array_api_info.pyi,3047
numpy/typing/tests/data/reveal/array_constructors.pyi,12181
numpy/typing/tests/data/reveal/arraypad.pyi,688
numpy/typing/tests/data/reveal/arrayprint.pyi,817
numpy/typing/tests/data/reveal/arraysetops.pyi,4474
numpy/typing/tests/data/reveal/arrayterator.pyi,1069
numpy/typing/tests/data/reveal/bitwise_ops.pyi,3913
numpy/typing/tests/data/reveal/char.pyi,10846
numpy/typing/tests/data/reveal/chararray.pyi,6651
numpy/typing/tests/data/reveal/comparisons.pyi,7225
numpy/typing/tests/data/reveal/constants.pyi,303
numpy/typing/tests/data/reveal/ctypeslib.pyi,4737
numpy/typing/tests/data/reveal/datasource.pyi,613
numpy/typing/tests/data/reveal/dtype.pyi,5094
numpy/typing/tests/data/reveal/einsumfunc.pyi,1956
numpy/typing/tests/data/reveal/emath.pyi,2335
numpy/typing/tests/data/reveal/false_positives.pyi,394
numpy/typing/tests/data/reveal/fft.pyi,1661
numpy/typing/tests/data/reveal/flatiter.pyi,1377
numpy/typing/tests/data/reveal/fromnumeric.pyi,13744
numpy/typing/tests/data/reveal/getlimits.pyi,1582
numpy/typing/tests/data/reveal/histograms.pyi,1287
numpy/typing/tests/data/reveal/index_tricks.pyi,3517
numpy/typing/tests/data/reveal/lib_function_base.pyi,9297
numpy/typing/tests/data/reveal/lib_polynomial.pyi,5895
numpy/typing/tests/data/reveal/lib_utils.pyi,448
numpy/typing/tests/data/reveal/lib_version.pyi,583
numpy/typing/tests/data/reveal/linalg.pyi,6236
numpy/typing/tests/data/reveal/matrix.pyi,3048
numpy/typing/tests/data/reveal/memmap.pyi,754
numpy/typing/tests/data/reveal/mod.pyi,5984
numpy/typing/tests/data/reveal/modules.pyi,1870
numpy/typing/tests/data/reveal/multiarray.pyi,7865
numpy/typing/tests/data/reveal/nbit_base_example.pyi,587
numpy/typing/tests/data/reveal/ndarray_assignability.pyi,2698
numpy/typing/tests/data/reveal/ndarray_conversion.pyi,1780
numpy/typing/tests/data/reveal/ndarray_misc.pyi,7445
numpy/typing/tests/data/reveal/ndarray_shape_manipulation.pyi,1121
numpy/typing/tests/data/reveal/nditer.pyi,1933
numpy/typing/tests/data/reveal/nested_sequence.pyi,646
numpy/typing/tests/data/reveal/npyio.pyi,3523
numpy/typing/tests/data/reveal/numeric.pyi,6064
numpy/typing/tests/data/reveal/numerictypes.pyi,1357
numpy/typing/tests/data/reveal/polynomial_polybase.pyi,7999
numpy/typing/tests/data/reveal/polynomial_polyutils.pyi,10764
numpy/typing/tests/data/reveal/polynomial_series.pyi,7128
numpy/typing/tests/data/reveal/random.pyi,104319
numpy/typing/tests/data/reveal/rec.pyi,3764
numpy/typing/tests/data/reveal/scalars.pyi,5716
numpy/typing/tests/data/reveal/shape.pyi,292
numpy/typing/tests/data/reveal/shape_base.pyi,2046
numpy/typing/tests/data/reveal/stride_tricks.pyi,1345
numpy/typing/tests/data/reveal/strings.pyi,9420
numpy/typing/tests/data/reveal/testing.pyi,8533
numpy/typing/tests/data/reveal/twodim_base.pyi,4299
numpy/typing/tests/data/reveal/type_check.pyi,2718
numpy/typing/tests/data/reveal/ufunc_config.pyi,1228
numpy/typing/tests/data/reveal/ufunclike.pyi,1233
numpy/typing/tests/data/reveal/ufuncs.pyi,4424
numpy/typing/tests/data/reveal/warnings_and_errors.pyi,460
doc/source/reference/random/examples/cython/extending.pyx,96
doc/source/reference/random/examples/cython/extending.pyx.rst,133
doc/source/reference/random/examples/cython/extending_distributions.pyx.rst,175
doc/source/reference/random/examples/cython/index.rst,312
doc/source/reference/random/examples/cython/meson.build.rst,127
numpy/_core/src/common/simd/avx2/arithmetic.h,14905
numpy/_core/src/common/simd/avx2/avx2.h,2055
numpy/_core/src/common/simd/avx2/conversion.h,3475
numpy/_core/src/common/simd/avx2/math.h,13903
numpy/_core/src/common/simd/avx2/memory.h,37532
numpy/_core/src/common/simd/avx2/misc.h,10911
numpy/_core/src/common/simd/avx2/operators.h,11493
numpy/_core/src/common/simd/avx2/reorder.h,7393
numpy/_core/src/common/simd/avx2/utils.h,775
numpy/_core/src/common/simd/avx512/arithmetic.h,19259
numpy/_core/src/common/simd/avx512/avx512.h,2277
numpy/_core/src/common/simd/avx512/conversion.h,7463
numpy/_core/src/common/simd/avx512/maskop.h,2898
numpy/_core/src/common/simd/avx512/math.h,16837
numpy/_core/src/common/simd/avx512/memory.h,36218
numpy/_core/src/common/simd/avx512/misc.h,12950
numpy/_core/src/common/simd/avx512/operators.h,14708
numpy/_core/src/common/simd/avx512/reorder.h,14859
numpy/_core/src/common/simd/avx512/utils.h,4315
numpy/_core/src/common/simd/neon/arithmetic.h,13644
numpy/_core/src/common/simd/neon/conversion.h,5120
numpy/_core/src/common/simd/neon/math.h,17607
numpy/_core/src/common/simd/neon/memory.h,32466
numpy/_core/src/common/simd/neon/misc.h,13067
numpy/_core/src/common/simd/neon/neon.h,1992
numpy/_core/src/common/simd/neon/operators.h,14949
numpy/_core/src/common/simd/neon/reorder.h,9072
numpy/_core/src/common/simd/sse/arithmetic.h,16505
numpy/_core/src/common/simd/sse/conversion.h,2980
numpy/_core/src/common/simd/sse/math.h,21644
numpy/_core/src/common/simd/sse/memory.h,34936
numpy/_core/src/common/simd/sse/misc.h,10307
numpy/_core/src/common/simd/sse/operators.h,12681
numpy/_core/src/common/simd/sse/reorder.h,7116
numpy/_core/src/common/simd/sse/sse.h,1983
numpy/_core/src/common/simd/sse/utils.h,427
numpy/_core/src/common/simd/vec/arithmetic.h,15032
numpy/_core/src/common/simd/vec/conversion.h,8327
numpy/_core/src/common/simd/vec/math.h,11058
numpy/_core/src/common/simd/vec/memory.h,31952
numpy/_core/src/common/simd/vec/misc.h,10526
numpy/_core/src/common/simd/vec/operators.h,10240
numpy/_core/src/common/simd/vec/reorder.h,7680
numpy/_core/src/common/simd/vec/utils.h,2763
numpy/_core/src/common/simd/vec/vec.h,3520
numpy/f2py/tests/src/modules/gh25337/data.f90,180
numpy/f2py/tests/src/modules/gh25337/use_data.f90,179
numpy/f2py/tests/src/modules/gh26920/two_mods_with_no_public_entities.f90,402
numpy/f2py/tests/src/modules/gh26920/two_mods_with_one_public_routine.f90,403
doc/source/f2py/code/advanced/boilerplating/res/base_docstring.dat,291
doc/source/f2py/code/advanced/boilerplating/res/improved_docstring.dat,354
doc/source/f2py/code/advanced/boilerplating/src/adder.pyf.fypp,984
doc/source/f2py/code/advanced/boilerplating/src/adder_base.f90,328
doc/source/f2py/code/advanced/boilerplating/src/base_adder.pyf,807
doc/source/f2py/code/advanced/boilerplating/src/gen_adder.f90.fypp,576
doc/source/f2py/code/advanced/boilerplating/src/improved_base_adder.pyf,727
