contributor,closed_issues_count
numpy-gitbot,1565
thouis,595
charris,351
eric-wieser,207
seberg,156
mattip,125
rgommers,100
ghost,73
mhvk,68
anntzer,68
ngoldbaum,63
WarrenWeckesser,60
jakirkham,55
njsmith,49
gerritholl,45
shoyer,45
argriffing,44
pitrou,42
pv,39
sandrotosi,36
BvB93,34
matthew-brett,34
jaimefrio,31
HaoZeke,31
tylerjereddy,31
astrofrog,30
juliantaylor,30
nschloe,29
rossbar,28
abalkin,27
bashtage,25
certik,24
larsoner,23
keithbriggs,22
melissawm,20
2sn,19
jakevdp,19
NeilGirdhar,19
h-vetinari,19
ogrisel,18
lesteve,18
Snape3058,17
bersbersbers,17
cgohlke,17
mdickinson,17
asmeurer,14
bjnath,14
jreback,13
bmerry,13
andyfaff,12
jbrockmendel,12
kohr-h,12
adeak,12
toslunar,11
taldcroft,11
mtsokol,11
ahaldane,11
neutrinoceros,11
lysnikolaou,11
madphysicist,10
honno,10
jzwinck,10
rkern,10
hmaarrfk,10
inducer,10
david-cortes,10
rainwoodman,10
InessaPawson,10
bsipocz,10
rth,10
bhavukkalra,9
stefanv,9
hawkinsp,9
mwtoews,9
homocomputeris,9
Carreau,9
Mukulikaa,9
oleksandr-pavlyk,9
anirudh2290,9
QuLogic,8
lebigot,8
chatcannon,8
MSeifert04,8
dimpase,8
maxnoe,8
person142,8
olebole,8
adamjstewart,8
sturlamolden,8
stuartarchibald,8
gfyoung,8
effigies,7
aamster,7
zoj613,7
pllim,7
dstansby,7
astrojuanlu,7
mdhaber,7
timhoffm,7
megies,7
twoertwein,7
endolith,7
hameerabbasi,7
didickman,7
mattharrigan,7
Qiyu8,7
AgilentGCMS,7
ganesh-k13,7
yarikoptic,7
limburgher,6
will133,6
jluttine,6
eendebakpt,6
mreineck,6
fonnesbeck,6
mw66,6
leofang,6
Illviljan,6
kwgoodman,6
cowlicks,6
seiko2plus,6
mgorny,6
mrocklin,6
kloczek,6
larsmans,6
Shekharrajak,5
danielhrisca,5
Gabriel-p,5
alimuldal,5
grlee77,5
lpsinger,5
tadeu,5
beew,5
Dan-Patterson,5
henon,5
axil,5
cooperrc,5
peterbell10,5
jfbu,5
horta,5
bnavigator,5
jorisvandenbossche,5
suuuehgi,5
TomAugspurger,5
lzkelley,5
cournape,5
GaelVaroquaux,5
Zac-HD,5
Jacob-Stevens-Haas,5
capybaralet,5
awen-li,5
MechCoder,5
amueller,5
mcara,5
dhermes,5
akhmerov,5
jorenham,4
rougier,4
lorentzenchr,4
jcrist,4
mitar,4
dmbelov,4
tillahoffmann,4
jseabold,4
jjhelmus,4
saimn,4
jnothman,4
byrdie,4
cdeil,4
hpaulj,4
pchanial,4
danbeibei,4
fjarri,4
EricCousineau-TRI,4
behzadnouri,4
virtuald,4
MichaelClerx,4
babaralishah,4
ndjensen,4
lagru,4
aerobio,4
ketch,4
d1manson,4
mathomp4,4
mgeier,4
hroncok,4
sunqm,4
ax3l,4
MarsBarLee,4
LukasAdamowicz,4
mroeschke,4
briantoby,4
opoplawski,4
kgabor,4
lithomas1,4
samuelstjean,4
ddasilva,4
moorepants,4
aixtools,4
nouiz,4
Strilanc,4
sashkab,4
clin1234,4
cancan101,4
KelSolaar,4
soupault,4
henryiii,4
absoult-dev,4
burlen,4
bfroehle,4
matoro,4
ev-br,4
ilayn,4
Dominik1123,4
fandreuz,4
erg,4
godaygo,4
mforbes,4
Stardust1225,4
vmarkovtsev,4
pkomiske,4
Didou09,4
petered,4
mwaskom,4
DimitriPapadopoulos,4
callegar,4
keflavich,4
FrankHui,3
toobaz,3
david-zwicker,3
mhauru,3
adler-j,3
r-devulap,3
jor-,3
guziy,3
puspa57,3
xhochy,3
luxedo,3
skoehler,3
mingwandroid,3
snowman2,3
gokhalen,3
ml31415,3
rlamy,3
aifer4,3
Alexander-Shukaev,3
david-hoffman,3
sandipmgiri,3
naught101,3
MikhailRyazanov,3
jeffyancey,3
fgregg,3
fujiisoup,3
adrinjalali,3
drammock,3
PhilipDeegan,3
cpaulik,3
koyuki7w,3
jrbourbeau,3
MarcoGorelli,3
mkoeppe,3
f380cedric,3
vkhodygo,3
sam-s,3
Elaphurus,3
kritisingh1,3
hhoppe,3
Yukti-09,3
th0ma7,3
skrah,3
ariddell,3
bje-,3
dopplershift,3
fkbreitl,3
bobeldering,3
alex77g2,3
rspadim,3
lucianopaz,3
randolf-scholz,3
cpelley,3
crusaderky,3
mlondschien,3
takluyver,3
gdementen,3
pearu,3
parrenin,3
FirefoxMetzger,3
acdr000,3
toddrjen,3
l-johnston,3
OverLordGoldDragon,3
ShivKJ,3
ringsaturn,3
iperov,3
fermat618,3
TeusEE,3
robertmuil,3
ischwabacher,3
moi90,3
jonashaag,3
phofl,3
mortonjt,3
pijyoi,3
xkszltl,3
Jeyaanand,3
mpconte,3
mtelka,3
MarkWieczorek,3
ray306,3
fengluoqiuwu,3
ewmoore,3
frejanordsiek,3
goerz,3
Felix-neko,3
linus-md,3
mocquin,3
corneliusroemer,3
serhii-havrylov,3
quantax-github,3
miccoli,3
javidcf,3
btel,3
arares,3
nonhermitian,3
dsm054,3
egesip,3
danFromTelAviv,3
carlosgmartin,3
perimosocordiae,3
werenike,3
jolespin,3
zxdawn,3
nicolas-harraudeau-sonarsource,3
dieterv77,3
drhagen,3
skuschel,3
letmaik,3
k-kapp,3
girving,3
teoliphant,3
idfah,3
den-run-ai,3
ivan-marroquin,3
samfux84,3
hugovk,3
jmrohwer,3
mstimberg,3
maxwell-aladago,3
tacaswell,3
sklam,3
joergdietrich,3
aschaffer,3
mdboom,3
simongibbons,3
PeterTillema,3
mrjbq7,3
sethtroisi,3
roger-,3
andrenarchy,3
DevinShanahan,3
arokem,3
gbb,3
theaverageguy,3
mwiebe,3
fayeshine,3
EwoutH,3
ypatel55,3
Harshavardhan-tech,3
anuppari,3
FrancescElies,3
Arfrever,3
rsokl,3
hunse,2
DavidAlphaFox,2
immerrr,2
andrewczgithub,2
oscargus,2
s-t-e-v-e-n-k,2
partev,2
unutbu,2
hardkrash,2
JayMan91,2
pyhits,2
drwells,2
sotte,2
mbenus,2
qnzhou,2
dfroger,2
gaborbernat,2
glopesdev,2
grfo,2
PrimozGodec,2
saullocastro,2
chebee7i,2
GalaxySnail,2
int3,2
tchajed,2
bergen288,2
prologic,2
Ganeshkumhar1,2
indiajoe,2
rubenvb,2
kenorb,2
mbyt,2
aksarkar,2
jtratner,2
danieljfarrell,2
munael,2
prossahl,2
fast-and-curious-1910,2
jpaalasm,2
warrickball,2
jamestwebber,2
tomgoddard,2
mikolajz,2
jdkloe,2
espdev,2
yoavram,2
Tillsten,2
khawajaJunaid,2
Panoplos,2
jwatt,2
thewtex,2
MarkusSintonen,2
jhpalmieri,2
mzechmeister,2
arogozhnikov,2
parantapa,2
chrisgmorton,2
AbdealiLoKo,2
dsaxton,2
picn0113,2
miladsade96,2
paulmueller,2
ikamensh,2
fpeduu,2
a-sajjad72,2
HerveGlz,2
serge-sans-paille,2
alkhwarizmi,2
peterjc,2
kounelisagis,2
PgLoLo,2
moble,2
KeithYJohnson,2
alicezanella,2
vovaf709,2
looooo,2
catkira,2
jpivarski,2
jontwo,2
brendan-m-murphy,2
pvanmulbregt,2
r0cketr1kky,2
bshmid,2
tantrev,2
mgiessing,2
krystophny,2
leidemon,2
fzeiser,2
mmckerns,2
srohit0,2
Phillip-M-Feldman,2
michaels011235,2
ckastner,2
mwhudson,2
ItamarKanter,2
LiuYiChen0704,2
kernel-loophole,2
sunchaoatmo,2
Gattocrucco,2
LucaAmerio,2
RohitMugalya,2
oscarbenjamin,2
serhiy-storchaka,2
kkshitish,2
kif,2
garyzhubc,2
code-of-kpp,2
bartoli,2
sursu,2
jni,2
leycec,2
athyk,2
karthikyerrakota,2
mahmoodn,2
jeremiedbb,2
zjpoh,2
michelmno,2
oricou,2
pajarrige,2
boegel,2
batterseapower,2
fmaussion,2
Vincent0706,2
hgt312,2
paddyroddy,2
AlexJohnson1995,2
Mandroide,2
zerothi,2
aleju,2
giuse,2
ziyuang,2
mihaic,2
Micky774,2
RomanKosobrodov,2
BrandonSmithJ,2
chentryto1,2
henrikh,2
Harmon758,2
betatim,2
dcolascione,2
isaac-you,2
refraction-ray,2
minfei1998,2
timcera,2
texasaggie97-zz,2
jacekt,2
johncoxon,2
rlabbe,2
AllenDowney,2
Objectivitix,2
abhinavsagar,2
alanhdu,2
Freed-Wu,2
realiti4,2
agamemnonc,2
rootsmusic,2
karshan77,2
pentschev,2
krishm228,2
AIQuantRobot,2
zexee,2
h6197627,2
huonw,2
hdamron17,2
Apteryks,2
ndrwnaguib,2
isuruf,2
lfxx123,2
rutujar,2
giuliobenetti,2
FranzForstmayr,2
Martin-Seysen,2
kconnour,2
tbekolay,2
solarjoe,2
bilderbuchi,2
louisabraham,2
tirthasheshpatel,2
kratsg,2
AndrewYinLi,2
adrn,2
bananaman23,2
rdturnermtl,2
ViaFerrata,2
illume,2
nateGeorge,2
TDePalatis,2
simonm3,2
rkishony,2
elfring,2
chtrac,2
fjld61,2
kmuehlbauer,2
Semnodime,2
HugoMVale,2
ricardoV94,2
ThemisKoutsellis,2
sandy-shirt,2
hongyi-zhao,2
Freakwill,2
neyuru,2
antomaly,2
vxst,2
pierreglaser,2
wtjones1,2
gmloose,2
paugier,2
mamikonyan,2
pumpkinband,2
inexxt,2
czhao028,2
AdityaSavara,2
holymonson,2
FrozenBob,2
Naereen,2
ales-erjavec,2
xiguadong,2
Tarskin,2
manopapad,2
radarhere,2
orenbenkiki,2
manuels,2
LukasDrude,2
ckp95,2
rstoneback,2
JoElfner,2
piskvorky,2
jennirinker,2
hidetatz,2
japagetw,2
IchiruTake,2
ikrambennasrbennasr,2
ZisIsNotZis,2
fanjin-z,2
SteveDoyle2,2
ZivJia,2
levbishop,2
jdmarch,2
thoth291,2
mbillingr,2
soegaard,2
zhangyangyu,2
cocoaaa,2
xiangyi-wang,2
ikehall,2
jsh9,2
benbovy,2
cmarmo,2
beojan,2
deasmhumhna,2
acgtyrant,2
shitian-ni,2
jhelie,2
befeleme,2
vadimkantorov,2
krischer,2
sunt05,2
kolibril13,2
colinfang,2
duburcqa,2
dogod621,2
IruNikZe,2
OyiboRivers,2
jgerlach93,2
chrisb-fico,2
local-minimum,2
jason-s,2
Neumann-A,2
garrypolley,2
dhomeier,2
seth-a,2
andreas-h,2
srinivasreddy,2
yetingli,2
mancellin,2
tondieker,2
EpicWink,2
erbian,2
rabernat,2
leopsidom,2
ultimanet,2
tkf,2
hdkire,2
mcgfeller,2
albertcthomas,2
mratsim,2
ImportanceOfBeingErnest,2
liang3zy22,2
iljah,2
eliegoudout,2
jkunimune,2
mdehoon,2
jhaiduce,2
ExpHP,2
brsr,2
hchau630,2
jsw-fnal,2
pezcore,2
tupaibasu2004,2
realitix,2
karippery,2
JunzheJosephZhu,2
Erotemic,2
carterbox,2
mwcraig,2
cubanpit,2
vstinner,2
mwallerb,2
Gockel92,2
htgoebel,2
jinpengchina,2
Matt-Ord,2
colinpalmer,2
quantfreedom,2
1a1a11a,2
ngentille,2
DanielHabenicht,2
congma,2
lilygeorge,2
hrnciar,2
jbn,2
mar-ses,2
zhcui,2
dpitch40,2
vlipovac,2
larrybradley,2
kingjr,2
onnoeberhard,2
alan-isaac,2
eliadl,2
joezhou099,2
Rubix982,2
ycopin,2
attack68,2
sciunto,2
dkirkby,2
ankur0904,2
ssbarnea,2
mikofski,2
barracuda156,2
pedersor,2
Jasha10,2
rehassachdeva,2
jsolbrig,2
brilee,2
par2,2
RinCat,2
adababys,2
arsenovic,2
jmgurney,2
Dapid,2
touqir14,2
jburroni,2
xiaoweiz,2
kiwifb,2
wackywendell,2
djhoese,2
llvilanova,2
othalan,2
HubertHolin,2
joonro,2
DanielSank,2
HorusCRM,2
SuperFluffy,2
sinhrks,2
dimasad,2
vsbuffalo,2
dashesy,2
trendelkampschroer,2
Garrett-R,2
rayarb,2
felixxm,2
jdreaver,2
Shambricool,2
YarShev,2
pbrod,2
pbazant,2
nasailja,2
srkunze,2
howarthjw,2
ahojnnes,2
jlmeunier,2
sbyrnes321,2
maldun,2
DavidPowell,2
jmlarson1,2
albanD,2
nilswagner,2
felixdivo,2
mgraczyk,2
tjlane,2
tomerh2001,2
ucyo,2
ChristophWiesmeyr,2
wence-,1
kkshitish9,1
mwhansen,1
lukauskas,1
marisolcontreras1,1
joaomarcalst,1
nullSoup,1
SamAdamDay,1
EgodPrime,1
kolamp,1
e-duard2,1
Zheaoli,1
rteqs,1
zzctmac,1
asarkar,1
lieheng-1,1
MunaAlaneme,1
Shezeeblanka,1
sergiopasra,1
leftys,1
monikasingh8097,1
wzy-99,1
musicinmybrain,1
sebreens,1
george0st,1
eyalk11,1
mdzubayerhossain,1
Beaconian,1
ernesto-ren,1
markgras,1
ji-ze,1
ljgdasfhk,1
SMAntony,1
DarshanSP19,1
GF-Huang,1
unalmis,1
PinkPandaKatie,1
eliasfrimanns,1
ananski-the-3rd,1
tguichaoua,1
Ryuk17,1
bp208322,1
holesond,1
j-bowhay,1
ShangJingLi,1
Mou141,1
Radicalware,1
Jdldeveloper,1
musvaage,1
forestbat,1
karelplanken,1
sebschub,1
yonghakim,1
ncooder,1
jwnimmer-tri,1
epmojo,1
BrunoBelucci,1
sveinung-r,1
n-gao,1
positr0nium,1
jonathanberthias,1
DiegoBaldassarMilleuno,1
furgerf,1
solomoncyj,1
ggggggggg,1
avalentino,1
mdavidsaver,1
felipemadeiros,1
MatejUrbanQC,1
alissonrodrigo,1
Aman-Pinjara,1
martiart,1
P-Kaempf,1
vtavana,1
guillaume-troadec,1
4l1fe,1
hadrizi,1
plague-spreader,1
Fractal2017,1
tepperly,1
ldouteau,1
hadisyekta,1
duncanmmacleod,1
as-nobu,1
digitalsignalperson,1
ndgrigorian,1
JCGoran,1
mathatter997,1
wuxin008,1
PydPiper,1
baloe,1
23pointsNorth,1
alasdairwilson,1
langeleipe,1
mlabslyken,1
moloney,1
nmiles2718,1
desiree-rentz,1
amirh0ss3in,1
nir-vaknin-vaknin,1
mcrumiller,1
francescotaurone,1
DMcAUoS,1
jikechao,1
liuwei-git,1
stenhasselquist,1
JonasDeSchouwer,1
mosc9575,1
alarichartsock,1
inakleinbottle,1
masaduzz1,1
jparismorgan,1
m-weigand,1
nicholasrossano,1
schekroud,1
bard259,1
varchasgopalaswamy,1
determ1ne,1
timothymillar,1
elac-safran,1
jonnypeace,1
jkohnert,1
AlterraFa,1
rchiodo,1
PeterWurmsdobler,1
ClarkMyWords,1
hdattada,1
eagunn,1
Andrej730,1
VictorEijkhout,1
wasade,1
gilaroni,1
R0ckySu,1
nickodell,1
AngeloD2022,1
fmigneault,1
vahidmech,1
2-5,1
BergLucas,1
mdevino,1
ids-pas,1
l09rin,1
timonebiker796,1
Divyanshukukreti,1
nabenabe0928,1
WhiteSymmetry,1
JacobHayes,1
bedroge,1
nicholas-mati,1
izaid,1
rtsscy,1
tomsilver,1
mweinelt,1
potiuk,1
shiningalehxb,1
bjfrbjx,1
ComEngAlishba,1
donhatch,1
aherbert,1
DYFeng,1
TTPO100AJIEX,1
FabriceSalvaire,1
quant12345,1
kingkong311,1
msimacek,1
arunppsg,1
bashirmindee,1
sl2c,1
bhimabi,1
wjandrea,1
vfdev-5,1
piotr-blaszyk-fyp,1
AnnaTrainingG,1
Flamefire,1
MsAnitaAli,1
LittleDogXi,1
rmjarvis,1
ilaks2,1
agriyakhetarpal,1
q-wertz,1
zp2546265641,1
WenyinWei,1
Qjbtiger,1
subhylahiri,1
Shantanu-Singh499,1
Alienrazor,1
manodeep,1
hjenryin,1
edx-h,1
daknuett,1
iyz91,1
Leo-Ji2020,1
arunkannawadi,1
ernimd,1
tuhinsharma121,1
benjamin-lieser,1
VincentSon,1
rileyjmurray,1
JosephKarpinski,1
Staten-Wang,1
Fleyderer,1
Ying-Zi66,1
aabhinavg,1
valeriupredoi,1
Roboxkin,1
adriancollister,1
tripti-nference,1
glados-verma,1
BartMassey,1
RonghaiHe,1
adrian-gralak95,1
luyahan,1
jtc1246,1
JarmoHu,1
ftherrien,1
TonyK421,1
AyushSinghal9020,1
Stiibu,1
liaochris,1
zazaho,1
zmbc,1
mrkwjc,1
emrecemal,1
erikZygloxius,1
reallsx,1
legel,1
karlotness,1
scottstanie,1
Ree1352,1
pwatx,1
jirafey,1
devinbost,1
wbvguo,1
PlusEqualCritic,1
mikezang,1
Pomax,1
k0T0z,1
hydroo,1
Pigizoid,1
ancri,1
sjoerd-bouma,1
husayn-mohammadi,1
Rational-IM,1
kshepherdkx,1
KybernetikJo,1
manteghsethi,1
nchammas,1
gitisgreat2023,1
mstrmnd1,1
evertrol,1
Grumpys-Dad,1
Tobi823,1
kmld24,1
finch-wren,1
zcy618,1
user27182,1
jbeal-work,1
Banks242,1
pengyuanwei,1
bramgrooten,1
duanev,1
kartographer,1
philippegabert,1
MatthewFlamm,1
limabielefeld,1
bjodah,1
NeanderThaler,1
kylefoley76,1
atharva-sundge,1
AAWO,1
StChenHaoGitHub,1
HarryCollins2,1
ntessore,1
Soft-Buddy,1
albert-mathews,1
rajasekaran86,1
mliukis,1
ethanjahn,1
itzswaps,1
hungpham3112,1
chuiliuyiyi,1
YudiXie,1
jli05,1
rodoggyro,1
ImVacuous,1
tail-3lbs,1
lskong178,1
clonne,1
m-newhauser,1
sanderland,1
tpchuckles,1
moe18,1
AntonyBlanco,1
juanjosegarciaripoll,1
Yash29-creator,1
MarieAnge2,1
JavierEscobarOrtiz,1
purva-thakre,1
thematteroftime,1
ArthurTolley,1
hmeine,1
Robadob,1
AyrtonRicardo,1
Chuck321123,1
oliviermattelaer,1
zifeiYv,1
andrea-bia,1
petaflot,1
the-real-henry,1
nullhook,1
ufrese,1
WardBrian,1
branfosj,1
mdales,1
alreadydone,1
AlexanderRichert-NOAA,1
alawamy,1
mauroo4,1
JY231,1
Schefflera-Arboricola,1
KamathForAIX,1
harshilkamdar,1
alex-rakowski,1
TonyMcGrath,1
RoryMB,1
dozed,1
K-DEL1999,1
astralcai,1
chedatomasz,1
hmenke,1
chtchapin,1
ForeverZyh,1
szwiep,1
mrrezaie,1
TzipHoro,1
zrottman,1
Aweptimum,1
gunaxprofessional,1
emilyhunt,1
dangdinh17,1
AndrewTsao,1
mbargull,1
GGBond8488,1
Yuanjimengmengda,1
1fish2,1
luke110,1
tintin10q,1
zhangtj1996,1
selimir,1
JiuWeiA,1
jphdotam,1
stefan6419846,1
BTOdell,1
jjofres,1
vlebert,1
yamihn,1
enains,1
MartinVerot,1
tuananh,1
iaminebriki,1
jensdebruijn,1
jeandet,1
wenchenvincent,1
OgurtsovAndrei,1
almasgit,1
aimtsou,1
NoahSTEMStuff,1
LukaszMoskala,1
sahiljhawar,1
ubless607,1
c-foschi,1
giuseppefilippone,1
ahyou-mug,1
stuart-nolan,1
whophil,1
raghu-007,1
car-bianco,1
RyotaBannai,1
gaotako,1
BenWhetton,1
jkingdom3,1
arnabanimesh,1
raj-magesh,1
i-will-robot,1
djramones,1
mipierre,1
krikru,1
bbhtt,1
mahge,1
andsmi97,1
kushal-h,1
PanTheRiceMan,1
jncots,1
Chandru-17,1
jdsahr,1
NirmalSankalana,1
hzm74,1
Czaki,1
hongkonghector,1
kyuhong0206,1
haoyang9804,1
jakakonda,1
aaronmondal,1
NAThompson,1
husisy,1
this-josh,1
dirtycomputer,1
jeertmans,1
li-dan,1
surfettekw,1
louisamand,1
abdulasiraj,1
hieutv85,1
KommuSoft,1
afedynitch,1
maisevector,1
d-murashkin,1
madebr,1
Callum-IBI,1
ohunter,1
SrSoto,1
allsey87,1
Tapanhaz,1
xx-VIRUS-xx,1
dschult,1
rafaelha,1
lucascolley,1
skirpichev,1
AlephAlpha,1
DietBru,1
alicebain,1
Gabriel-Kissin,1
natmokval,1
pedro-w,1
donglihe-hub,1
Raoul555,1
Nikolaj-Fontanna,1
tfblum,1
lobpcg,1
ZTurboX,1
fti-rgurav,1
aarda55,1
abdrysdale,1
Iktomist,1
Nitin-Gahlawat,1
kipropcheruiyot,1
fhg-isi,1
chacabuco,1
tbenst,1
sc0v0ne,1
thesamesam,1
e-carlin,1
dlee992,1
oliver-s-lee,1
dan-oak,1
Kingxudong,1
sametcopur,1
Sahil481,1
BaileyAndrew,1
patient74,1
ilixindri,1
aando21,1
janeswh,1
SvarunSoda,1
YodaEmbedding,1
zevbo,1
zzador,1
sodul,1
Beliavsky,1
hbombDTU,1
3zhang,1
xychen2022,1
Adeel-farukh3,1
nagar-omer,1
emilyselwood,1
MashyBasker,1
mikedh,1
RunxingZhong,1
harikrishna553,1
ktns,1
ggardet,1
jakelishman,1
dancivitarese,1
LoveEatCandy,1
infinity77,1
lschoe,1
ReveStobinson,1
schorschie,1
sighingnow,1
qianxin-kxy,1
Anurag9492722884,1
refparo,1
joaolcguerreiro,1
dsm-72,1
RonaldAJ,1
allenlawrence94,1
provinzio,1
DaanVanVugt,1
jsmith173,1
eli-osherovich,1
berossi99,1
yakiimoumai,1
vineel96,1
FernandoDDMM,1
nairadethya,1
TugayGul,1
TejoVK,1
janipaDev,1
drunkwcodes,1
abetatos,1
aliphys,1
shimooper,1
jlandgre,1
agctute,1
siebert-julien,1
RunDevelopment,1
ancestor-mithril,1
Stonepia,1
dabl03,1
xiaoge1001,1
buhbuhtig,1
DuanBoomer,1
leslielee619,1
AlkaidCheng,1
kasparthommen,1
xor2k,1
polarboar,1
simonaltrogge,1
Frank-Steiner,1
jcrivenaes,1
LinuxUserGD,1
zhongxianmen2020,1
grothesque,1
Sarah-Yifei-Wang,1
ainursan210,1
atrejut,1
Mike-gag,1
philipc2,1
jcwchen,1
nbehrnd,1
xeimyname1,1
eskayML,1
Vineeth2393,1
dgg95223,1
fingoldo,1
cphys,1
Mikhaylov-yv,1
Kiord,1
arnav10goel,1
Marietto2008,1
MatteoRaso,1
matthewDDennis,1
ghylander,1
Nik20112,1
JoryKlaverstijn,1
ShalokShalom,1
REN-Yuke,1
kiszk,1
Nordicus,1
metroproxyn,1
thalesmaoa,1
jiawei-zhang-a,1
timgianitsos,1
luke396,1
agoose77,1
wangchers,1
Armoken,1
weiguozhi,1
meridianphage,1
aT0ngMu,1
dylanvanw,1
derekelkins,1
Ryota-uematsU,1
snooppr,1
kazraza0,1
headtr1ck,1
MW1966,1
thakurns,1
joycebrum,1
zm711,1
has2k1,1
wesinalves,1
arunoruto,1
ralberd,1
pkubaj,1
yourexodus,1
anmyachev,1
ajaykhoj,1
ryzinn18,1
JulianoLagana,1
jmole,1
NavisGames,1
nrkarp,1
igozali,1
Greesh-N,1
peytondmurray,1
flaviovdf,1
ying-jin,1
PhilippWillms,1
xushanthu-2014,1
eltoder,1
rank-and-files,1
lreining,1
bookmagnus,1
patrick-nicodemus,1
sjdv1982,1
CompRhys,1
pmvz,1
stefanor,1
abhinit21,1
franciskasara,1
farnyser,1
markste-in,1
sairam-penjarla,1
robbmcleod,1
sneddonucsf,1
graille,1
shinyoung-yi,1
AndPuQing,1
liusitan,1
nurieliason,1
REASY,1
eriknw,1
jacopomoi,1
Joshua-Schroijen,1
GurpreetSarangal,1
colesbury,1
Alex-Zien,1
Prajwalmithun,1
sprasad14,1
thomastiotto,1
KrzysztofKalisiak,1
kostyafarber,1
winshot-thu,1
dudwo123wjs,1
CDeslatte2023,1
aarrietac,1
rikardn,1
Shaun-Wong,1
Ashley123456789,1
danielmunioz,1
cmutel,1
gnathand,1
jlevin,1
mabruzzo,1
dariomaio,1
saalimzafar,1
brunolnetto,1
SiLiKhon,1
blowekamp,1
joseph-sch,1
vegardkv,1
helloworld664,1
MGloder,1
JudahSchwartz,1
TonyXiang8787,1
fbunt,1
matt-muresan,1
ctgk,1
Alexander-Serov,1
corynezinstitchfix,1
WillianFuks,1
knutdrand,1
horsti371,1
tomMoral,1
HydrogenSulfate,1
AlexanderKeijzer,1
jtoledo1974,1
bieganski,1
krr27,1
Sicong5625,1
PraxTube,1
firest11,1
chimaerase,1
Iqigai,1
jdtsmith,1
adrianeboyd,1
hulmaker,1
SyamGadde,1
oyvindronningstad,1
ViktorBezb,1
tammoippen,1
XavierTolza,1
ncsaba,1
bernstei,1
trsh,1
guchengxi1994,1
jarau-de,1
Ingkarat,1
modaresimr,1
Nclearadwood,1
evensong,1
SilentAndromeda,1
HealthyPear,1
BugWriter2,1
gnodipac886,1
lakshya-4gp,1
bripley6,1
maksymar,1
gideonKogan,1
Songningw99,1
IlayMenahem,1
ogliver,1
WayneHajas,1
medley56,1
kev26,1
fin-github,1
mmiletic95,1
chinoll,1
story645,1
igordertigor,1
Corey0606,1
cmglaze,1
roydbt,1
pnacht,1
HARAQUEL,1
ncarmona8,1
jsaladich,1
patrick-csliu,1
blthayer,1
ericahellscythe,1
ceu1e,1
msat59,1
yashmitha-pentakota,1
raad-altaie,1
ortk95,1
nadia-paz,1
Zach-ER,1
yanlingchen1,1
noritada,1
IkeYang,1
pradeepdev-1995,1
cosama,1
DannyIbo,1
amagicmuffin,1
zjliu-cs,1
jpauwels,1
MengqiYao,1
alexeyrodriguez,1
strocode,1
fischbacher,1
malladimihir,1
iProzd,1
gao462,1
braniii,1
dlanguig3,1
maddukurisrinivasarao,1
sidn77,1
ziofil,1
scseeman,1
xilin22,1
davideproment,1
gabriel-libardi,1
laolvv,1
dchackett,1
stumpylog,1
Jiangjiangzhang6,1
Nathravorn,1
tmvannoort,1
RussiaVk,1
zacps,1
linusjf,1
ctb,1
shenmishajing,1
pokecheater,1
Volker-Weissmann,1
rubyFeedback,1
orjgre,1
shantzhou,1
gsiisg,1
Knightly123,1
LaihoE,1
TigerHou2,1
bpleshakov,1
colehaus,1
priyanshujiiii,1
mattbarrett98,1
paoloalba,1
simonkenny,1
javierttgg,1
sporadicCactus,1
danielpmorton,1
juergsch,1
drpepper19,1
tooptoop4,1
mwittgen,1
jpmorr,1
Zuohuang-Cai,1
RossBoylan,1
maharana1b,1
ElrondL,1
chukarsten,1
heoun,1
KeepLost,1
randall-romero,1
indrastorms,1
rodosingh,1
maheshs11,1
florentbr,1
GideonBear,1
Ruth-wj,1
ItayVortex,1
cxzchange,1
abdusemiabduweli,1
zilmarij,1
SamiShalwi,1
magsol,1
m-aguena,1
zlispositive,1
duyuyouci,1
qiuyang163,1
geoanan,1
parched,1
bethac07,1
Kreijstal,1
MrTheyosyos,1
stephenmsachs,1
kmarwah,1
romgrk,1
evinism,1
stoneCoder,1
davidgilbertson,1
dabacon,1
root-11,1
wilixx,1
exx8,1
aschelle,1
michaelosthege,1
posita,1
Kallol7,1
bonysureliya,1
muditbac,1
takagi,1
LaurentRDC,1
0xjc,1
joaopfg,1
hugolytics,1
huangjun80235,1
Alazia,1
jwuttke,1
pranabdas,1
chetubetcha,1
Anselmoo,1
podsvirov,1
GabrielaMarangoni,1
Mocchaso,1
mpsdskd,1
aiqc,1
nc10,1
joaoantoniocardoso,1
wilsonzlin,1
mgolmahi,1
Why-not-now,1
WJ-Huang,1
kokamido,1
jsdodge,1
DavideColdebella,1
mearlboro,1
mpcasey2718,1
sharpe5,1
AdversityQuotientAN,1
yasirroni,1
zaz,1
Geositta2000,1
JulesGranget,1
cboettig,1
avm19,1
jhidding,1
linjing-lab,1
pschuh,1
matthew-halligan,1
zldrobit,1
edw71,1
HexDecimal,1
ZhennanWu,1
sachu92,1
13Quavo,1
jburgy,1
zeno129,1
kuroneko6423,1
sousaw,1
NelsonGuiamba,1
saroad2,1
ssylvain-nvidia,1
Djacon,1
RashulChutani,1
bjlBYUI,1
cafelattey,1
dongkeun-oh,1
bribritos,1
casesyh,1
germa89,1
clo-vis,1
SmartManoj,1
Steven-R-Hall,1
anantinfinity9796,1
jakevandervaate,1
Amith225,1
ehadavi,1
phlibi,1
Patol75,1
hearues-zueke-github,1
stephenworsley,1
machow,1
mrtnbrst,1
code-review-doctor,1
thomas-e314,1
harshal306,1
mountaindust,1
zadeoglu,1
alexhsamuel,1
pietrodantuono,1
MechanicPig,1
CarlDegio,1
Petros626,1
ghobart,1
dchu1991,1
Leengit,1
Socweb,1
spyroot,1
kohlerjl,1
benjamanjiman,1
mateusfbsoares,1
rajatscibi,1
jzombi,1
dbeutel,1
qimin-js,1
JacobGlennAyers,1
SmolakK,1
CamilleChiquet,1
hujie369,1
codingCoffee,1
wuzijianns,1
sammy101354,1
JaiWillems,1
jxu,1
robochat,1
picca,1
trivialfis,1
jonnyhtw,1
salehmontazeran,1
pdeblanc,1
cwestc,1
FeynmanDNA,1
SallyGuan,1
w3sip,1
sweenb1,1
rishi-kulkarni,1
Gypaets,1
mahdibaghbanzadeh,1
lzqlzzq,1
ThunderKey,1
paulmadejong,1
gstei,1
Arthasee,1
Nimrod0901,1
pEtienn,1
adrianschlatter,1
abeghelli,1
HoangTienDuc,1
happiestbee,1
LogWell,1
rcherrey,1
rinukz,1
baolianliu,1
Slagt,1
jakobkolb,1
Vinc0110,1
code-yuan-shi,1
namednil,1
pantelic-dusan,1
saran-t,1
nadyawilliams,1
Ruws99,1
vmagno,1
PatrickHMGU,1
ljy-002,1
JosephMPedersen,1
meow464,1
levalencia,1
battulgag,1
OulanB,1
justvanrossum,1
gmgunter,1
qoheniac,1
francof2a,1
ufukeskici,1
TimVroomans,1
MichaIng,1
priyashmistry,1
tcrasset,1
mashatarasevich,1
achetver,1
lorenzomammana,1
wuciting,1
christian-steinmeyer,1
zhiqiu,1
afeinstein20,1
howard-tran,1
andres-fr,1
adrien-berchet,1
zexuan-zhou,1
jmd-dk,1
m10an,1
Kidara,1
techandrew,1
dwr-psandhu,1
jabernalv,1
niyas-sait,1
brisvag,1
jschueller,1
gmabey,1
jmuhlich,1
atombaby,1
ahemberger,1
WKuipers,1
dionhaefner,1
xihuai18,1
PeterJHaas78,1
yumasheta,1
yangwangg,1
steven-murray,1
aptalca,1
jeffhammond,1
kippspan,1
LFBJC,1
anirudhlakhotia,1
bwoodsend,1
vttrifonov,1
eat-sleep-code,1
breadbread1984,1
pchakraborty,1
Roy-Kid,1
jmartens,1
jbrezmorf,1
kanavin,1
marouane-miftah,1
shi-yan,1
BenPennell,1
jcreinhold,1
hugorichard,1
pya,1
theOehrly,1
jeff1evesque,1
zephyr111,1
xiaoxstz,1
woolgathering,1
jddmartin,1
TestSomething22,1
ackagel,1
annegambrel,1
edcjones00,1
mattany,1
TiantianUpup,1
david-a-wheeler,1
B0Gec,1
pierre-weiss,1
RodrigoVillatoro,1
joshuacwnewton,1
prehensilecode,1
rifaterdemsahin,1
bluetail14,1
yogeshnichal,1
ofisette,1
tweber68,1
danijar,1
wanghaisheng,1
bubanoid,1
Alexander-Mitrofanov,1
adamconkey,1
tpg2114,1
jloxh,1
Avasam,1
Liu-RX,1
mlazzarin,1
erip,1
Tony-Frank-ML,1
karenjh2,1
Chenhait,1
Firestar-Reimu,1
jocelynbaduria,1
damonchr,1
gauenk,1
matteobe,1
staticdev,1
cedric-coussinet,1
kinshukdua,1
Junyeopp,1
LSKhappychild,1
diegocuencap,1
hodgestar,1
jeremy-rutman,1
goznalo-git,1
bzah,1
ChristianReinbold,1
stephen-huan,1
teddiclax,1
crswong888,1
MarsSu0618,1
canol,1
vinith2,1
albancolley,1
hkennyv,1
Azureblade3808,1
Ben-Epstein,1
IricsDo,1
mishkov,1
YairMZ,1
jecampagne,1
selormtamakloe,1
dibnob44,1
kurbobo,1
Jevudi,1
oliwiam001,1
odros,1
mpeel,1
josteinbf,1
entelecheia1963,1
parkashchand666,1
danieleyny,1
iamzili,1
arnaudlegout,1
marklombardi,1
mzeitlin11,1
jannesDoege,1
mahfuz-prog,1
william-silversmith,1
Joshuah143,1
YutoMinami,1
runewalsh,1
fbaptista,1
PedroMVM,1
fazalmajid,1
luphord,1
Macky1979,1
sayantikabanik,1
carlos-adir,1
TomDeWeer,1
thomasf10,1
Jerryhe1995,1
leocus,1
ishiy1993,1
WildRackoon,1
chrisbpoint,1
allenling,1
MathieuBordere,1
XiaoXiao-Woo,1
vorfol,1
europa502,1
KevinTsukuyo,1
DaveWK,1
Samyak2,1
Sharkoo123,1
ptrblck,1
vsnupoudel,1
kalsep,1
igg,1
aiudirog,1
mrspatbile-classroom,1
atMelnyk,1
mikhailkazagashev,1
songyuc,1
mathstuf,1
onatt,1
dwysocki,1
jamie-sgro,1
dotehacker,1
Akazz-L,1
voitsik,1
mcnamara-charles,1
malay5,1
blueskyson,1
SimonCichy,1
Sulagna-Dutta-Roy,1
arnavc1712,1
janosh,1
stormbeforesunsetbee,1
gyf12138,1
summersky08,1
orsinium,1
Darylgolden,1
gwerbin,1
vijayan108,1
fredericwaldmann,1
gurudave,1
Abdullah17m,1
czgdp1807,1
groutr,1
baozzhao,1
debnathshoham,1
hilahersz,1
AndrewC19,1
yellowBunnyy,1
Jimut123,1
veprbl,1
HelloWorldLTY,1
Esfo,1
abhiabhi94,1
mcflugen,1
MohamedAliRashad,1
anmolschauhan,1
Lequanghy,1
wqh17101,1
proyan,1
MatthieuDartiailh,1
nicholaiTukanov,1
oconnor663,1
LeeeLiu,1
TarunSehgal27,1
hhtong,1
makshimik,1
Olegt0rr,1
gcaria,1
Davide-sd,1
huangjin520,1
ZiqiChai,1
mfkasim1,1
mixilchenko,1
prakashvm,1
b-kamphorst,1
lotcher,1
gyorokpeter,1
vikrapivin,1
thmarwa,1
L-JiaHui,1
zw340,1
brandonwillard,1
rinarakaki,1
outtoin,1
filipinascimento,1
Debbiepimpo,1
Horstage,1
007vedant,1
chenjuncheng00,1
JuliaSprenger,1
StefanBrand,1
DLumi,1
joemarshall,1
TiemoMathijssen,1
pmeier,1
lld2006,1
thomasjpfan,1
grahamgower,1
caenrigen,1
1313e,1
parhamfh,1
mrfoxie,1
beick3,1
geekmm0,1
andreys42,1
mikeronayne,1
peastman,1
rapatel0,1
Sednaoui,1
thegautamkumarjaiswal,1
greenstick,1
roeslib,1
almostsquare,1
bcrowell,1
Dr-Irv,1
timelessnesses,1
HyukjinKwon,1
nstarman,1
ph4ntome,1
a2448825647,1
LEELA-SRI,1
iouvxz,1
ruslaniv,1
KinglittleQ,1
NickosKal,1
hughperman,1
pearsonkyle,1
akukuq,1
laazy,1
to7m,1
cmichal2,1
PhilReinhold,1
drjasonharrison,1
goitmc,1
kalofoli,1
studioj,1
nchepanov,1
guoqiangqi,1
benedictusalvian,1
jbropark,1
SV-97,1
zsong,1
xo-HADES-xo,1
zachl123,1
ReallyNiceGuy,1
lbogula,1
mwlon,1
themaddoctor,1
afkowalski,1
ctilly,1
legoffant,1
BenKMorley,1
trallard,1
fangchenli,1
mitkeyastromouse,1
ifishtoo,1
fpdotmonkey,1
wyx528,1
R-Mussabayev,1
xpmemeda,1
tpowell11,1
arunkothari84,1
E1k3,1
AKJ7,1
cg00001,1
maxkraft7,1
cmatt23,1
sirinath,1
qiuxiafei,1
gyu-don,1
verma16Ayush,1
adamantike,1
TerminalPR0,1
zacmon,1
JohnGF,1
xamm,1
Heronalps,1
mraspaud,1
edyounis,1
BrittanyH1997,1
Catadanna,1
immaxchen,1
vinayak-shanawad,1
bschnurr,1
eam2000,1
mdubravski,1
adrianstas,1
HeikoSchuett,1
binary1024,1
Guthman,1
aws-stdun,1
tatatupi,1
ddejohn,1
kbattocchi,1
xabi12,1
guicunbin,1
1112114641,1
depling,1
bdch1234,1
LumaRay,1
Avatar36Cl211,1
HS-ielab,1
ahbon123,1
DCtheTall,1
MLiew,1
rawwar,1
chumaroz,1
DStauffman,1
dschwoerer,1
toshitanian,1
Demokritus,1
elizamanelli,1
h4m3d43,1
gshoffner,1
jtquisenberry,1
clydeclements,1
sevas,1
ravikantmaurya,1
gentlegiantJGC,1
bionicles,1
xhding1997,1
markusfn,1
Viissataa,1
alisheikholeslam,1
hengzhan,1
justinblaber,1
aarchiba,1
cuihantao,1
kheuton,1
petyabaa,1
showkeyjar,1
kulinseth,1
OGordon100,1
yxdragon,1
ml-practitioner,1
milosivanovic,1
pogam,1
FrankLiu007,1
n2cholas,1
half-potato,1
ssanghavi404,1
samuelsonric,1
ishaniis,1
markwainger1,1
Helveg,1
RaulMurillo,1
Tabrizian,1
terfilip,1
PierreAndreNoel,1
HugoMetric,1
millettmb,1
t-karatsu,1
Marusoftware,1
jrj-d,1
chrislast,1
marco13579,1
szsdk,1
anjali411,1
xgchena,1
lelayf,1
fcharras,1
MahendraCherukupalli,1
jamiebarker0310,1
liangchen1ceeee,1
bdowning,1
blancc,1
lh-yw,1
syncsam,1
ikeboy,1
invisiblefunnel,1
hoxbro,1
aleksejs-fomins,1
seralouk,1
bstaletic,1
DrewTNBD,1
monahan19,1
rp4fx12,1
norbert-hoppe,1
FerdinandEiteneuer,1
Naima96,1
AlsonYang,1
cedricbellet,1
cdluminate,1
MaduxCaster,1
stewjb,1
pmav99,1
VisionaryMind,1
samir-jabbar,1
oscarthorn,1
HUN-Harlequin,1
Stigjb,1
jaskij,1
Harmenius,1
andfranklin,1
ernestum,1
jvansanten,1
ronaldoussoren,1
cifkao,1
whitty,1
Muthsera,1
kennyfrc,1
DavidePatria,1
Edward-Knight,1
rmwenzel,1
caozhen-alex,1
Th-Fo,1
zyberg2091,1
jbaczek,1
12rambau,1
enigdata,1
powderluv,1
artsiomkaltovich,1
kshitij12345,1
msjd78,1
mesonepigreco,1
HenrikBach1,1
miranska,1
nith2001,1
0noca,1
caexy,1
zkytony,1
connectsachit,1
mariaeileen,1
dhirajnitk,1
flipper66,1
scratchmex,1
neurolabusc,1
miguelusque,1
Deuchnord,1
nick-youngblut,1
malyasova,1
iacchi,1
JasperDec,1
SVijayB,1
villival,1
Brunochris13,1
jjmortensen,1
noelmcloughlin,1
yoonghm,1
lachlansimpson,1
bvavrik,1
arw2019,1
adlerandy,1
investment-ml,1
emeryberger,1
GJoe2,1
sagewe,1
sfolje0,1
yaav,1
Digimartyr,1
takeshi87,1
nailbiter91,1
xuweichn,1
b78,1
kyjohnso,1
ARF1,1
markub3327,1
MarioCatuogno,1
axelande,1
frhack,1
BYDeloitte,1
drzowie,1
Manoa1911,1
nrobinson12,1
tcmetzger,1
ginwakeup,1
piratla1,1
juacarri,1
Python-37,1
AashishV,1
pandorica-opens,1
songyang-dev,1
mariohevia,1
Teut2711,1
sreevanii,1
maxkapur,1
kehlert,1
anthonyhvo12,1
MarkBel,1
moylop260,1
Kocaak,1
Kreol64,1
matkaa94,1
ElieGouzien,1
Liuxiang15,1
Pawan243,1
Rik-de-Kort,1
huitikho,1
zq1335030905,1
jhuo7,1
mitchnegus,1
MRossol,1
JiangengDong,1
balandongiv,1
Woodz,1
tim-mitchell,1
nickjbrowning,1
djarecka,1
axsk,1
lty-creator,1
brandon-b-miller,1
gvalchca,1
Chunde,1
marinaesp,1
Sseziwa,1
pochmann,1
huangyebiaoke,1
aitikgupta,1
hannahxwood,1
om-hb,1
swadhinagrawal,1
BishopWolf,1
tylerharvey,1
lucabaldini,1
leakec,1
anukaal,1
dmidge8,1
drevicko,1
StefanBruens,1
cthiemann,1
javadnoorb,1
pengweimin,1
tushart04,1
Vozf,1
ManudattaG,1
romanpogodin,1
Temigo,1
domdfcoding,1
alexlim510,1
lucyleeow,1
jelther,1
octachrome,1
Demirrr,1
marcocod,1
brian2brian,1
jackzhou121,1
koslayn,1
svetlyak40wt,1
KellenX,1
fratajcz,1
7starsea,1
mmkafker,1
majidkamyabalberta,1
fvollmer,1
mglowacki100,1
solarmist,1
Joueswant,1
HuangYanqiColumbia,1
cal-armstrong,1
sourabhgupta811,1
eng-ak,1
sids07,1
mbeyeler,1
tenhjo,1
bxhandhxb,1
gwbeip,1
kovalp,1
dunpeadxx,1
thuantv-vp,1
Arko07-quanta,1
Ewenwan,1
yapifu,1
kimstik,1
ZHANGGU,1
PannuMuthu,1
pindaoer,1
njriasan,1
LazyTrader,1
l1351868270,1
Coderdharmendra,1
regzon,1
madprogramer,1
Joan-Millington,1
tanwang2020,1
ndalchau,1
garb-ma,1
adamreeve,1
anasalzuvix,1
Dahlia-Chehata,1
sebhahn,1
akkes,1
iynehz,1
old-df38257622,1
asishm,1
liuyonghao156,1
Srikeshram,1
CRTandKDU,1
lilolalo,1
mruberry,1
atharvgrg,1
algotradeady,1
NikosAlexandris,1
ZeliTheZealot,1
jeff922,1
jochengietzen,1
JiaRu2016,1
krey,1
jtyoui,1
sumanthratna,1
davidlibland,1
JosiahKane,1
mboisson,1
SoundBot,1
tom-programming,1
deep3125,1
Atcold,1
spaceofmiah,1
mrava87,1
rashid1844,1
mhh0318,1
cauchy7203,1
leeyspaul,1
antlarr-suse,1
avivhu,1
ucasiggcas,1
caprianil-fsc,1
iii-org-tw,1
wqcsim,1
davidedalbosco,1
rwalk,1
JohnsonWhitney,1
mishana,1
kroppian,1
idodidodi,1
hermidalc,1
luciotorre,1
Caiptain1,1
redradist,1
heitorschueroff,1
FedeMiorelli,1
littleDrew,1
wcerfgba,1
amsinha9,1
aweng126,1
oXwvdrbbj8S4wo9k8lSN,1
lhfriedman,1
Korijn,1
luciansmith,1
jiwidi,1
cyxoc,1
RuofanKong,1
gagik-manukian,1
asdf8601,1
alexn11,1
ahoelzemann,1
nejib1,1
frenzymadness,1
pkarnakov,1
mohammadalimehdizadeh,1
ahnitz,1
joeringg,1
samukweku,1
HenrikJStromberg,1
janpape,1
PiRK,1
Eleluku,1
MHDFahz,1
cttlfsh,1
madarez,1
Tokariew,1
WaleAdelanwa,1
junaid572,1
eddywart,1
lepmik,1
youngquan,1
jazzed-pig,1
sbadirli,1
CarolineCauffman,1
Feelx234,1
hjlld,1
Faaziy,1
Yura52,1
surculus12,1
bsrc,1
achimnol,1
d9748336,1
RichardAW,1
maygloomoff,1
marchinidavide,1
lyh458,1
mamsteroonie,1
auo355,1
gieseanw,1
Luffy-Hll,1
Llewyllen,1
sbroberg,1
kevinsingapore,1
mdigilov,1
Chizzyhub,1
ddk1246,1
cortwave,1
Harvey13,1
LiranAvda-TAU,1
FranzAtGithub,1
HPLegion,1
FlorentijnD,1
danvip10,1
bmcfee,1
sharthZ23,1
dkogan,1
thomasrockhu,1
OldTyke,1
saulshanabrook,1
cugurm,1
Baschdl,1
one-summers-day,1
roryyorke,1
brpdt,1
wrzadkow,1
jaydev947,1
zooba,1
hexchain,1
tbm,1
vigna,1
i-shenl,1
ealaz,1
dstuck,1
embray,1
kensuke1984,1
bgmoshe,1
Ennsye,1
rk-mlu,1
MerlinDumeur,1
yasuiniko,1
Mitcha0209,1
Rich133,1
tynanseltzer,1
biondiettore,1
ggrrll,1
mcepl,1
Xianqi-Zhang,1
pohlt,1
j-jm,1
ilanolkies,1
MinkaMay,1
Nathan-Furnal,1
tfedyanin,1
BennoKrojer,1
quicknir,1
AjayNorman,1
ndunnewind,1
Frank-Dz,1
Biarys,1
becker33,1
asrabon,1
Hoiy,1
sharpblade4,1
sshojiro,1
v3551G,1
DanielaSenna,1
samuelbloom2,1
mat888,1
ayahea,1
brpy,1
jfaccioni,1
hylkedonker,1
andres-delosrios,1
chris-hld,1
anil-s-yadav,1
sharonlaiv,1
pujok,1
nokcharathae,1
GWFrank,1
skregas,1
leifdenby,1
ThomasGl,1
JonasBreuling,1
ryan-j-hope,1
Terminus-IMRC,1
canbooo,1
jamespreed,1
vicarious11,1
ellisonbg,1
AnonymousJY,1
numbqq,1
ccl-private,1
MatGod7,1
gnatpat,1
koala-ann,1
gavinpotter,1
HariniDK,1
LevN0,1
raj8080,1
87bdharr,1
geyang,1
DmitryOlenchikov,1
gauthierbuttez,1
pulkin,1
madanvnera,1
mmcclish,1
max3-2,1
bicici,1
CristhianLM3,1
MeisamRezaei,1
orichardson,1
bwanaaa,1
dc123k,1
jayurbain,1
billlyzhaoyh,1
lampinen,1
geeselouise,1
tomdavidoff,1
dcsaba89,1
sanathk12,1
xichaoqiang,1
kanak8278,1
BruceMaggs,1
J-A-St,1
jimporeilly,1
panpiort8,1
adamgayoso,1
chenqingzhu2019,1
cervantes-loves-ai,1
douglasJovenil,1
WilfriedMercier,1
MLobo1997,1
matthewmturner,1
ttmapr,1
TheEverlastingBish,1
markusmartius,1
AtsushiSakai,1
rda112,1
ChiOni,1
Balandat,1
FelixBenning,1
mesejo,1
SBMama,1
lanadaquenada,1
Pacmansnuff,1
tomkilpatrick,1
xw547,1
MichalRIcar,1
ishanpkhrel,1
jrisi256,1
mailhexu,1
GrzegorzKrug,1
apatsekin,1
jjsr17,1
rushabh-v,1
tapobrata22,1
Irio,1
brandtbucher,1
grudloff,1
PBarde,1
phr0gger,1
whagar,1
TaurusYin,1
mpariente,1
klam2159,1
filipthor,1
juansulloa,1
Napan0s,1
LKChenLK,1
winsm,1
youssefkotb,1
jcutcher01,1
gerlero,1
mshemuni,1
nikhgarg,1
felix-swadel,1
atg,1
Jeanselme,1
w-k-jones,1
ddoe777,1
Onroy,1
71xtc,1
egomez13,1
legionaryu,1
andrzejnovak,1
jonpovey,1
luckydonald,1
alexsmartens,1
nikoyanakiev,1
varkonyidavid91,1
dandyrilla,1
gadpetrovich,1
looninho,1
f756692193,1
eclipseo,1
qwhelan,1
reimannsum,1
moranavni,1
excalamus,1
fergu,1
brianwa84,1
pavelkomarov,1
IemProg,1
vainaixr,1
wyegelwel,1
NGeorgescu,1
toby5box,1
AdrienCourtois,1
lkindrat-xmos,1
royanc,1
bluemoonwencong,1
rudanie89,1
IPetrik,1
zazen000,1
flexatone,1
Sarah112358,1
ellades,1
davidlud,1
IdmFoundInHim,1
yupbank,1
tjysdsg,1
xjoyzaza,1
RafaelRueda,1
tcmhoang,1
ivirshup,1
baerbock,1
3keepmovingforward3,1
pochedls,1
deviganesan-coder,1
blechta,1
Sohl-Dickstein,1
miketrumpis,1
acksmaggart,1
quartermaine,1
s-sajid-ali,1
msfchen,1
shlomif,1
danpovey,1
alessandroaimar,1
MarineAiry,1
regissss,1
tirthajyoti,1
acsavag20,1
GrimLefourbe,1
annacnev,1
sprague252,1
asottile,1
CounterPillow,1
JaiKotia,1
colingavin,1
bingyao,1
jtelleriar,1
corel-cr,1
Waqar199230039,1
Allainn,1
doumbouyarene,1
bdvd,1
12ycli,1
josephnowak,1
QuantumNovice,1
siddharth-singh-mindtickle,1
r00ta,1
alexjpm,1
ns-cweber,1
2xB,1
litianqi715,1
johannfaouzi,1
faustellar1995,1
didip,1
youkaichao,1
sameshl,1
imarxdev,1
saifu-rahman,1
Bucchiman,1
yuziGuo,1
CDahmsCellarEye,1
cdusold,1
wasdfghjklr,1
pranavmondhe,1
Msegade,1
NanaVan,1
Flyfoxs,1
addy1997,1
robieta,1
carloacerbi,1
Kai-Striega,1
histed,1
Des-Nerger,1
BharathVittal,1
pahirschberg,1
Henry9099,1
TheBB,1
RoyLarson,1
larsrinn,1
gabrielecalvo,1
YuriyTigiev,1
Martmists-GH,1
RamsonN,1
SamKG,1
mgbukov,1
stestagg,1
ogauthe,1
aaronpearlman,1
wdecoster,1
cool-RR,1
eladwass,1
Nick-Wilde,1
tamasgal,1
hiremath579,1
econtal,1
borispf,1
bsavitzky,1
meyer89,1
DanielT,1
amethyst79,1
cabosanlucas,1
Mahdidrm,1
CakeWithSteak,1
YXXX,1
NewUserHa,1
Landau11th,1
demeler,1
elysiumn,1
CDoutzen,1
bduvenhage,1
Jerevia,1
henrypinkard,1
dalcinl,1
Nodd,1
kzhui125,1
alpmar,1
andmck1,1
allefeld,1
Roffild,1
glemaitre,1
hjstein,1
noyesyesno,1
wwilly,1
AryaIndia,1
zhenyong97,1
vedal,1
weixingsun,1
MaxCCC,1
tms1337,1
pabogdan,1
jrm346,1
opk12,1
shahidhs-ibm,1
shaharkadmiel,1
undertherain,1
evanmason,1
gokceneraslan,1
terrancewong,1
Clarmy,1
shashank-kv,1
haveonename,1
jakelevi1996,1
ColinCros,1
austindowney,1
victorliu,1
balodja,1
smax1,1
hanzckernel,1
chhanganivarun,1
lsasounian,1
mounaBoo,1
belm0,1
zxleegit,1
SkyBlueEternal,1
mycstar,1
msalib,1
dlemke01,1
GiilDe,1
hippo91,1
umanwizard,1
rsaim,1
leventis,1
stonebig,1
tal69,1
arvoelke,1
Max16hr,1
parejkoj,1
darknoon,1
r-mike,1
musbur,1
adisc2,1
ubbikk,1
chengyin38,1
w19787,1
ljames1,1
OrbitalMechanic,1
Jarvx,1
MateXon,1
johannes90,1
wang1943,1
PBahner,1
OB100,1
schlenk,1
protactinium91,1
mobiusklein,1
DSP209,1
TianyangGai,1
rashidrafeek,1
OhadRubin,1
mohummedalee,1
mac-os-noob,1
edelsohn,1
Maphch,1
johnc1231,1
Yutong-Dai,1
arunadevikaruppasamy,1
epcc-mjf,1
reza1615,1
shuaitang,1
abduallahmohamed,1
cepbrian,1
yuxincs,1
daniel-goldstein,1
jaschaffer,1
nottatdat,1
techvslife,1
Digindataflow,1
Jeitan,1
JackHenry281,1
syviad,1
AnderUstarroz,1
ll-portes,1
mooyeolb,1
navneet-nmk,1
jag0nzalez,1
gasabr,1
emiliejehanno,1
erykoff,1
the-lotuseater,1
Derek-Wds,1
rjenc29,1
Philipp-Seidel,1
tuxmaster5000,1
aakash30jan,1
qualiaa,1
zzaebok,1
danhamill,1
MsRose123,1
dvincentwest,1
atmosmattbrewer,1
ArtificialQualia,1
hackbansu,1
Plantain,1
robsanpam,1
PDiracDelta,1
cod3monk,1
josemariagarcia95,1
jdswinbank,1
DotoPototo,1
kykosic,1
cagostino,1
vincenzooo,1
hlbkin,1
dbankmann,1
MarcVincent9,1
stephengeospy,1
francois-durand,1
robguinness,1
belltailjp,1
seankhl,1
brandondube,1
leondavi,1
hacousin,1
franciscogarate,1
esansraja,1
gasparka,1
mseth10,1
RyanGutenkunst,1
sedefe,1
roelverh,1
kkonevets,1
doanchientrinh,1
jenshnielsen,1
wedoslaw,1
Rowing0914,1
Whissi,1
mail2chromium,1
sjadd,1
amou080515,1
paapu88,1
Syps,1
365670123,1
RichardEdye,1
jiecaoyu,1
UKeyboard,1
lgeiger,1
PalGiupo,1
antonio-catalano,1
xeoslaenor,1
quentin-ol,1
mjahmad,1
Hei5enber9,1
Maryamak66,1
achukumar001,1
lucyevers,1
THLB2019,1
scarabeusiv,1
jz34,1
DenisTome,1
gowthamcr,1
PseudoFlame,1
roachlord,1
terasakisatoshi,1
bsathyan,1
2manslkh,1
nguyenmaihao,1
usact,1
mjbrodzik,1
HuviX,1
yangjiuchun,1
jlapin1,1
janyfe,1
djdookie,1
roliveira,1
jrj99,1
RLstat,1
sauln,1
Astrokiwi,1
097115,1
kdebrab,1
ribes96,1
artcs,1
jakegt1,1
thakkardharmik,1
egaudry,1
glenfletcher,1
atulanandnitt,1
jlroles,1
kulkarnivishal,1
sanandece,1
strue36,1
pajos-c,1
connorourke,1
LucHermitte,1
sylee0124,1
Kh4L,1
loretoparisi,1
tigra,1
vmatic,1
herminine,1
ahmedshaaban1,1
joelcorey,1
ManfredEnning,1
MariosGr,1
mada0007,1
timb82,1
Verma-Rajat,1
greenc-FNAL,1
ViacheslavP,1
danielhogg,1
montreal91,1
antoneri,1
vg1m,1
schneiderfelipe,1
obache,1
phoenixbai,1
normanius,1
raspi88,1
orenshk,1
anitatea,1
dmey,1
thevorpalblade,1
FedericoMuciaccia,1
itayperl,1
VinhVu95,1
Arcmoon-Hu,1
Ramimashkouk,1
tom-new,1
garanews,1
nanshihui,1
soerenwolfers,1
taushifkhan,1
jaypokarna,1
IAmS4n,1
rodrigo2019,1
ajschol,1
teddcp,1
dabao12321,1
maxnus,1
treyenelson,1
yellowhat,1
dongxiexiyin,1
GiantDao,1
haimivan,1
DickJC123,1
KamenBrestnichki,1
llimeht,1
vargonis,1
Jabberwock82,1
NumesSanguis,1
mbanck,1
alkalinin,1
DavidLitwin,1
xS-Sx,1
iandreariley,1
stephtr,1
swilson314,1
rudrathegreat,1
vanderwb,1
xu-kai-xu,1
colin-zhou,1
alexxchen,1
gykovacs,1
rwolst,1
rashchedrin,1
c-johan-s,1
renan-cunha,1
EelcoPeacs,1
tcdude,1
Cuban-Pete,1
bjmuld,1
jamie-arcc,1
rdtharri,1
velconia,1
JoostBerkhout,1
PythonEatViper,1
elikbelik,1
JingLi513,1
eackermann,1
minouyang2017,1
youmenglidang,1
wjj11,1
gramster,1
hhristov94,1
GaborNyul,1
paultpearson,1
luyiming,1
novosirj,1
jwdink,1
jannschu,1
youngseaz,1
ayappanec,1
aph61,1
1pakch,1
innat,1
hershen,1
jimmyyhwu,1
vnherdeiro,1
Pezhvuk,1
neonb88,1
Vestaia,1
smiret,1
kevinsung,1
sfavazza,1
shahrzad,1
zhanwenchen,1
HejiaHo,1
amuresan,1
bbbbbbbbba,1
XiangY-Q,1
ldmtwo,1
c54852533,1
wkcn,1
davehadley,1
konstantint,1
sk1p,1
japm48,1
MJosefson,1
futscdav,1
NotSqrt,1
ligc,1
vlavorini,1
ChaiBapchya,1
derorrim,1
taglitis,1
gphein,1
arjangcore,1
jondo,1
jfosorio,1
cboulay,1
roastduck,1
RafaelHuang87,1
eromoe,1
AbhisekRao,1
stippingerm,1
hustc12,1
spiralulam,1
susca,1
mateon1,1
YuanjieZhao,1
jdemeyer,1
nedclimaterisk,1
jarlehr,1
JackCaster,1
seehuhn,1
rschmaelzle,1
jeremyluolink,1
glinka,1
tudorprodan,1
ehpor,1
xcainiao,1
Karrenbelt,1
ThibHlln,1
Arlan2191,1
miclegr,1
anwarnunez,1
montefer,1
bear24rw,1
thoduv,1
magicalpear,1
UnitedMarsupials-zz,1
Sytten,1
ZelingLi,1
dolphGA,1
bdrosen96,1
stsci-hack,1
rshap91,1
piergiacomo75,1
a-recknagel,1
printsg,1
lejar,1
sadatnfs,1
carlohamalainen,1
jmrk84,1
Nikoleta-v3,1
Cheukting,1
francesco-ballarin,1
t20100,1
bilymufac,1
metoffice-jmfrancis,1
lustat,1
SaTjemkes,1
hrw,1
akamaus,1
lsorber,1
lokmantsui,1
tfawcett,1
StrikerRUS,1
akshaykri,1
KOLANICH,1
brianbruggeman,1
tedsta,1
stevesimmons,1
pierreablin,1
yopology,1
ron819,1
puntofisso,1
chrisbarber,1
xiegx94,1
jschendel,1
wonaya,1
kfjahnke,1
kmader,1
Mereep,1
foohyfooh,1
oleg-kachan,1
bassamelobeid,1
sajaysurya,1
pawangeek,1
JackieQiang,1
DLemberger,1
millen1m,1
danieljacobs1,1
ykjawale,1
xushengun,1
JerryZhou199,1
EssenOH,1
NhokCrazy199,1
abaxi,1
suquark,1
konlai,1
datomnurdin,1
jrhone,1
forbxy,1
Noodledoms,1
Nacho9216,1
norok2,1
MarkCBell,1
DanHickstein,1
dpogosov,1
mpelchat04,1
denis-bz,1
chandanbiswas08,1
jazcarretao,1
starbaby01,1
ededdneddyfan,1
ryandesign,1
adbull,1
Starfruit007,1
wkyle,1
guilhermefarinha,1
h3jia,1
CyanoKobalamyne,1
yaoye7758521,1
am-thyst,1
mkhoshle,1
Vedavivek,1
rishigurnani,1
abhi-jha,1
venkatsgit,1
E3V3A,1
pdimitrov-thoughtriver,1
chez-d,1
sdsunjay,1
karn1986,1
burtondanj,1
alvarorga,1
AljoSt,1
kakila,1
fabioz,1
SchiffS,1
wonderboy3489,1
valentinstn,1
kaedynrao,1
Cory-Kramer,1
ihormelnyk,1
penolove,1
MrQazi,1
phildias,1
yydcnjjw,1
Anner-deJong,1
pietroppeter,1
karttikeya,1
tzmanish,1
reineking,1
guillerodriguez,1
Kabel77,1
tanabata-kitajima,1
pfbuxton,1
wdirons,1
brynclarke,1
ivarzap,1
jackvreeken,1
sheerluck,1
abc4tech,1
AVI18794,1
charlottecc,1
DDOwzw,1
yoonbo,1
nadavbra,1
marcelotrevisani,1
convexset,1
wesszabo,1
astromark,1
krishnaptiwari,1
Aratz,1
pimdh,1
tobiasfeil,1
bjce,1
bobby-c-shen,1
shachar-i,1
gurpreet1998,1
Foadsf,1
SietsmaRJ,1
Justin-E-Taylor,1
markb21,1
Akiiino,1
pumelo,1
perezpaya,1
zemanj,1
wenheping,1
avnerduc,1
mrfuxi,1
tranductam2802,1
peterdolan,1
mlamarre,1
albertaparicio,1
coffeespoons,1
AdonisGe,1
ajerschow,1
byoung4,1
yobibyte,1
gdu2003,1
tomkraljevic,1
achan001,1
pgunn,1
DarkKnight6777,1
anypurpose,1
wgaylord,1
usheth,1
GerhardR,1
adamjermyn,1
azrdev,1
nelhage,1
jotasi,1
mcspritz,1
pxcandeias,1
sbrodehl,1
cod3licious,1
lakshmisivareddy,1
ARudiuk,1
ericksc,1
jyori112,1
astromancer,1
rudimeier,1
matthiaskramm,1
awakenting,1
ri938,1
s7711,1
trichter,1
aluhamaa,1
Lewn,1
CYHSM,1
shiva951221,1
freemansw1,1
vpatov,1
DerWeh,1
hawk20002000,1
evfro,1
artemru,1
lennart24,1
ikucan,1
meteoDaniel,1
aaronsnoswell,1
drew-parsons,1
srdg,1
Tvektvek,1
faustomilletari,1
chapochn,1
barronh,1
SulisEm,1
nathdwek,1
kyle-cochran,1
kskyten,1
thejohnhoffer,1
bodgerer,1
tzickel,1
grantmwilliams,1
petronemilio,1
AllenShieh,1
reaCodes,1
ZZcat,1
arnaldog12,1
eigenwillig,1
Celelibi,1
jruere,1
nkartashov,1
jlovemercury,1
fpagnoux,1
oscardssmith,1
buggyyang,1
amerie2013,1
maluethi,1
LouisAmon,1
impact27,1
yuexiaxiaoyin,1
attoblarg,1
thatisvivek,1
shuiyiwensi,1
subhrm,1
davidbp,1
andrzejQ,1
S-Azimi,1
BishoyKelleny,1
tasansal,1
ErikBsly,1
barriecooper,1
djadk84,1
wizofe,1
zietzm,1
tevz,1
edcarter,1
jan-adx,1
mathause,1
jdavies-st,1
bigdeeer,1
pyformulas,1
Windaway,1
lnshi,1
TheShadow29,1
cmollen,1
avocadochicken,1
JP-Noble,1
gmonkman,1
mfdgroot,1
estansifer,1
Danc2050,1
gsimbr,1
kparaju,1
lakshayg,1
rsiverd,1
pyscripter,1
novog,1
kjaisinghyadav,1
Amir-Arsalan,1
Han-He,1
GileadMoshe,1
tringcooler,1
lokhorst,1
RauliRuohonen,1
rfrenchseti,1
berbari,1
jonasrauber,1
AndreiKeino,1
AsavarTzeth,1
NKrvavica,1
firstkingofrome,1
rf-andrade,1
uwezi,1
antvig,1
kodonnell,1
ale152,1
mia1024,1
geogria,1
varun-intel,1
BlcaKHat,1
heaton56,1
jonathanlintott,1
Aelphy,1
bhaveshshrimali,1
Heyra-Joker,1
Samrangi,1
scoder,1
sdey42,1
nipnipj,1
surksha,1
samtsevich,1
Dhkor9,1
tjb900,1
tyohei,1
vnick001,1
SnoopJ,1
shicks-seismo,1
trueProgrammer,1
MasKong,1
pswpswpsw,1
magonser,1
rsmith-nl,1
BenjiEzivon,1
hobler,1
gidden,1
cristi-neagu,1
andreanicastro,1
jwhowarth,1
neuronphysics,1
asmasca,1
decacent,1
ezyang,1
marvinvanaalst,1
mspacek,1
MartinThoma,1
GregoryMorse,1
gitboi-99,1
dubzzz,1
rshin,1
neishm,1
duag,1
noob-saibot,1
skullgoblet1089,1
VoxelPrismatic,1
zijungit,1
ziruizhuang,1
kkpatel1,1
DrRibosome,1
cmchugh11,1
artifactz,1
istvankleijn,1
harmv,1
oksidans,1
thequackdaddy,1
christian-rauch,1
jbxiang,1
kmaehashi,1
domschl,1
whitedogedev,1
ADAMTER,1
pnbat,1
d70-t,1
GeyseR,1
guenchi,1
ulido,1
apuchitnis,1
liushapku,1
joefowler,1
archboy87,1
dlsun,1
dragen1860,1
PavelStishenko,1
npanpaliya,1
Tiz97,1
tomerv,1
vanossj,1
acbellini,1
jesterhazy,1
vesnikos,1
suparek,1
dchatterjee172,1
jblarsen,1
secsilm,1
5tefan,1
olegserov,1
lfini,1
chetanpalliwal13,1
AndrewBelt,1
l1ama,1
khinsen,1
melvyniandrag,1
alexeymuranov,1
hanzhi713,1
lzlarryli,1
haoliuhl,1
jamesmullenbach,1
macat,1
jamesredwards,1
weihuayi,1
huangyingw,1
DrJimFan,1
Andrewnetwork,1
fatrabber,1
pnugues,1
raheelkh,1
f0k,1
bdenergy,1
chaoyu3,1
jmwoloso,1
TelecomAnin,1
clintonyeb,1
r-owen,1
ABILIBILI,1
Scoodood,1
davinci26,1
paulbrodersen,1
jtsuru,1
swryan,1
shelper,1
alimanfoo,1
milthorpe,1
pskeshu,1
unicornlox,1
matthew-hoyles,1
bfmorriss,1
biscuitlad,1
PiotrDabrowskey,1
auroua,1
tyleralt,1
jafetmorales,1
tdpetrou,1
matteobachetti,1
standarddeviant,1
spraharsh,1
dalito,1
eigenjohnson,1
sergiocallegari,1
cwtsai,1
dfreese,1
akhilman,1
adrains,1
Dafydd-W,1
AndrewUshakov,1
DylanDmitri,1
CptanPanic,1
antocuni,1
mcdigman,1
aswinvk28,1
chengs,1
winger,1
PrometheusPi,1
pdknsk,1
itumekanik,1
pkmn99,1
apbard,1
Riotpiaole,1
PeterKucirek,1
bleppie,1
bsolomon1124,1
Andreas-debug,1
mrsaeeddev,1
pingzou,1
adamosloizou,1
gabrielraya,1
nobuosato,1
corner100,1
joshdempster,1
Kristian60,1
dvdabeele,1
pazqo,1
AndreaBarbon,1
MorganGellert,1
ben-e-whitney,1
ivankrut856,1
MelvinYin,1
Andrew-S-Rosen,1
comatrion,1
buddha314,1
juanmabelda,1
peter-mason-dpm,1
ZenKa24,1
the-holger,1
honggyukim,1
wildflower,1
creotiv,1
romankierzkowski,1
axeloide,1
andreskytt,1
benoitrosa,1
haginile,1
DWesl,1
JialongJiang,1
ysh329,1
mailbox4ad4,1
SRattan16,1
jtanman,1
BanzaiMan,1
Vineet77,1
BT123,1
Jiankai-Sun,1
KaifangXu,1
benfreu,1
ko-phy,1
doubleycn,1
dmadeka,1
pgromano,1
j9ac9k,1
kannes,1
teja781,1
om26er,1
tonymonk007,1
trencyclopedia,1
tristanic,1
okuta,1
arthur-gouveia,1
stokhos,1
corrigami,1
mikigom,1
simoncouture,1
1rocketdude,1
cmpute,1
dannycodes,1
yarko,1
Rabijns,1
al626,1
sscherfke,1
cheng-chi,1
VictorRodriguez,1
TomDLT,1
boffi,1
kikocorreoso,1
cpfarrell,1
lvkessel,1
hust220,1
timjstewart,1
BranYang,1
lovemyliwu,1
wrwrwr,1
jalammar,1
sebma,1
doelen,1
terriyu,1
JollyTRjano,1
modkzs,1
JohnGallant,1
jaredvacanti,1
mcenerney1,1
pfmoore,1
vrtsig,1
EMCP,1
Aerylia,1
mohamed-ezz,1
fpessolano,1
wmatern,1
daduguai,1
wilywampa,1
mtrachy,1
thanatos,1
cwfinn,1
dwintergruen,1
conico486,1
gcv,1
HagaiHargil,1
mehrdadn,1
bryevdv,1
stephenholtz,1
kokostek,1
yangkky,1
debpolaris,1
crackwitz,1
posstrofee,1
dariomel,1
yagweb,1
mcfaddendavid,1
shril,1
unnonouno,1
vlatorre847,1
nyctalope,1
mbarbry,1
jswhit,1
joachimwolff,1
NedySuprianto,1
tv3141,1
clintrowe,1
YontiLevin,1
ericmjl,1
dingwell,1
helicoptersarecool,1
wyaibyn,1
wscullin,1
Asdf11x,1
balopat,1
JamesTCameron,1
roxyboy,1
diorcety,1
zengi,1
albertvillanova,1
uddmorningsun,1
elliottslaughter,1
crayxt,1
alexlenail,1
vlasenkov,1
robpla,1
evildarkblue,1
pwolfram,1
L-Haw,1
changhe3,1
futurikidis21,1
catalys1,1
KptainBiwouak,1
mpu-creare,1
Misairu-G,1
isaacgerg,1
gangm,1
chunweiyuan,1
Silun,1
solariscp,1
mangecoeur,1
david1309,1
yvn11,1
philer,1
paalge,1
Muxas,1
Levstyle,1
jkrajniak,1
ftune,1
relleums,1
damianam,1
fsolleza,1
hhuhhu,1
flothesof,1
quentinbodinier,1
kayla8l,1
jwilk,1
medakk,1
nickstanisha,1
jpreiss,1
matteoacrossi,1
GDICommander,1
shiltian,1
guilhermeleobas,1
Shailesh-Tripathi,1
msmsajjadi,1
bondarevts,1
marcocaccin,1
ppallesen,1
wmdrichards,1
OliverEvans96,1
matham,1
ndarmage,1
rhao22,1
Sentient07,1
rizac,1
zhaoxingfeng,1
RnoldR,1
JingyunLiang,1
gfacciol,1
pombredanne,1
jcowgill,1
dankal444,1
jesseakt,1
sjoerdloenen,1
justinhx,1
elwlwlwk,1
njzjz,1
joshloyal,1
mgelbart,1
axch,1
AntoineD,1
mjr129,1
igngvs,1
drabach,1
behrmann,1
coderforlife,1
jhelsas,1
RO-mix,1
olegtarasov,1
torcolvin,1
pdroalves,1
SamyCookie,1
blagasz,1
Jackels,1
bluss,1
GlennEric,1
aojeda,1
andrew0harney,1
pylang,1
frydrychowicz,1
Jakobovski,1
jdavidlists,1
pavoljuhas,1
szppaks,1
vaastav,1
geoalchimista,1
utke1,1
ghisvail,1
rishikksh20,1
kaba2,1
sparseinference,1
ssalonen,1
befelix,1
tolga-b,1
avipersin,1
jwittenbach,1
se4u,1
hainest,1
datapythonista,1
flying-sheep,1
aaaidan,1
marekyggdrasil,1
SamaelChen,1
AnkitBarik,1
KevinYuk,1
uwmdm,1
kevinzhai80,1
stefanonardo,1
kbosal,1
heinzermch,1
Gonadar,1
talkaminker,1
pafoster,1
momchilj,1
srmcc,1
liucsthu,1
smontanaro,1
eonj,1
programizer,1
isaacovercast,1
kyruzic,1
peironem,1
PeterPallesen,1
quantology,1
adambielski,1
potocpav,1
eda-ricercatore,1
iwiwi,1
frapoleon,1
QCaudron,1
cbehren,1
samuela,1
nchisholm,1
LSW1980,1
davydden,1
aguzmanballen,1
yuyu2172,1
pensono,1
toonarmycaptain,1
lee218llnl,1
taoyizhi68,1
TimMurnaghan,1
bamattsson,1
terbed,1
martin-hahn,1
Liam3851,1
AiliMaki,1
EGQM,1
rwmjones,1
AbhimanyuHK,1
dimonic,1
alvarosg,1
keewis,1
AlexisMignon,1
luochenbeisheng,1
nirum,1
sndik16,1
adailsonfilho,1
mcocdawc,1
GeorgeXia1828,1
akaihola,1
franciscogodoy,1
FlorinAndrei,1
CarpeCimex,1
user-na,1
NulAsh,1
vsamy,1
amilgeorge,1
amnona,1
sfeister,1
rampallishyam,1
Christopher-Field,1
Rholais,1
tonyzeng2016,1
the-bobo,1
superbobry,1
crazy-canux,1
noob5,1
taochenshh,1
guetg,1
fkloosterman,1
Francois888,1
trungnt13,1
ChewbaccaKL,1
anton-d,1
jblackma,1
christophercrouzet,1
TNonet,1
furiml,1
gan3sh500,1
jacobnzw,1
skjaeve,1
EnricoGiampieri,1
CamDavidsonPilon,1
rbiswas4,1
SoapGentoo,1
ehermes,1
fperez,1
Rafael48cy,1
xiaojianyang820,1
jichengfei025,1
kkoshijima,1
Dmitrii-I,1
cjmcmurtrie,1
silvioricardoc,1
JensTimmerman,1
olcc,1
maximtrp,1
stuarteberg,1
0-wiz-0,1
Lvctao,1
chbrandt,1
victor-shepardson,1
c-wilson,1
kyleellefsen,1
hroptatyr,1
rubenbaetens,1
yingzong,1
jlopezpena,1
henpemaz,1
drewvian,1
mdrew46,1
shadowleaves,1
gomyhr,1
josephernest,1
scimax,1
dunneff,1
mikep2016,1
suntzu86,1
cheribral,1
krytarowski,1
NathanielWh,1
dibya001,1
alexanderwhatley,1
flatberg,1
YSanchezAraujo,1
gforsyth,1
Yumlembam,1
myme5261314,1
bbelgodere,1
sunjiangbo,1
dermen,1
mmnelemane,1
kroditakis,1
radoering,1
achrist42,1
Jonksar,1
emmenlau,1
EmperorDali,1
dokato,1
yiakwy,1
depp,1
Feynman27,1
angeris,1
sjackman,1
samburger,1
xuewei4d,1
yurivict,1
fuzihaofzh,1
yechaochen,1
02yogesh16,1
kivinju,1
w3ntao,1
winash12,1
nils-werner,1
mpvismer,1
JSGandora,1
bcdarwin,1
MicahLyle,1
netlab-bilgin,1
jwoehr,1
shehroze37-zz,1
aboettcher,1
asanakoy,1
MichaelAdolph,1
mikegraham,1
fabiodl,1
MacHu-GWU,1
kumarsaurabh20,1
svnitHIMANSHU,1
drkarthi,1
vafl,1
mbdevpl,1
jonturner53,1
victoriastuart,1
aricci10,1
kilianrisse,1
bilian1995,1
Daetalus,1
andsok75,1
arafatkatze,1
llchan,1
kinghajj,1
ParikhKadam,1
lovasoa,1
ltalirz,1
nikolauspschuetz,1
Chroxvi,1
lovebug356,1
jdahle,1
rafaelvalle,1
goldonly,1
ygrange,1
momahajogami,1
cmeyer,1
zjjott,1
sunshineatnoon,1
ChrisAichinger,1
mp-v2,1
jpreistad,1
moelliDo,1
ra0x3,1
jhtang12,1
MInner,1
zhengwy888,1
kcbrowning,1
cmick,1
achalddave,1
pseandersson,1
spicybaguette,1
ianhbell,1
spichardo,1
drsmith48,1
kmdouglass,1
stsievert,1
Thomas-Z,1
A4Vision,1
nforro,1
hopehhchen,1
davefontaine,1
hibarikyouya,1
hannosch,1
mattgara,1
kawing-chiu,1
hsintone,1
jauerb,1
wgm2111,1
ckrapu,1
orswan,1
DrewDevereux,1
Wilfred,1
martinosorb,1
elronayellin,1
cryptoref,1
kirillbobyrev,1
Marco-Sulla,1
ddale,1
makeyourownneuralnetwork,1
christine-e-smit,1
mingleizhao,1
davidchall,1
daniele-bigoni,1
ivanychev,1
siudej,1
jmidwint,1
john-bradshaw,1
Macer3,1
gliptak,1
DSLituiev,1
shanthigce,1
carlkl,1
DavidYoungSoton,1
mtremmel,1
vighneshbirodkar,1
InonS,1
tinloaf,1
burrowsa,1
joddoj,1
sqjin,1
sirdodo,1
chiffa,1
eXcuvator,1
juampamuc,1
wfeschen,1
atbug,1
sfinkens,1
j6k4m8,1
jamielacivita,1
emilienkofman,1
hajgato,1
datawranglerai,1
machinaut,1
jakehanson,1
orena1,1
Phyks,1
jdemaria,1
dessskris,1
kitizz,1
gandalf013,1
mrslezak,1
fredm73,1
causalitygroup,1
calumjh1,1
kolas001,1
ZeroChaos-,1
paintingpeter,1
aminusfu,1
LadaF,1
aukejw,1
blueness,1
yunshangcao26,1
robintw,1
lorenzMuller,1
WeatherGod,1
lkilcher,1
gmarkall,1
jlec,1
amcameron,1
jjacob7734,1
xdmiodz,1
dalexander,1
nedlrichards,1
toropippi,1
jayendra13,1
francescopelizza-omega,1
wsfreund,1
meslami-netrias,1
harshnisar,1
marcotama,1
bstdenis,1
cfarrow,1
markramakers,1
cp10000,1
woaik110,1
Etendard7,1
memeplex,1
ivan-baldin,1
tns-yuq,1
The-Fonz,1
ZedThree,1
tonyshardlow,1
osadj,1
RamchandraApte,1
WojciechMigda,1
daniel-kukiela,1
vlachoudis,1
dpk9,1
westphae,1
mghiggins,1
danielgeier,1
zcyang,1
denchugen,1
ihaque,1
nvgeele,1
hutaocheng,1
dgcatanzaro,1
fijal,1
x920,1
EntPyle,1
jling-NM,1
sdachen,1
mfenner1,1
GJBoth,1
m-albert,1
dylanwwang,1
Phaiax,1
Paxanator,1
sebix,1
MarkMoulton,1
bmoscon,1
smccrossin,1
jradavenport,1
nheeren,1
YMRTN,1
PolarNick239,1
MaximilienLC,1
cgshep,1
joernhees,1
clwainwright,1
bazeli,1
cmeeren,1
davidedelvento,1
Leberwurscht,1
cel4,1
twmacro,1
Dschoni,1
lfsimoes,1
izxle,1
rmalouf,1
mrkite92,1
DeadParrot,1
aldanor,1
Iceman9,1
andersjel,1
synapticarbors,1
gojomo,1
mherkazandjian,1
JulianVolodia,1
choikwun,1
max0x7ba,1
srtlg,1
nspies,1
HBDunn,1
colormotor,1
suokunlong,1
ajdawson,1
vinhdizzo,1
zpincus,1
oeway,1
max-sixty,1
wadeliuyi,1
mattjj,1
rherault-pro,1
jim0421,1
takotab,1
wlei2018,1
rewquey,1
odidev,1
Tux1,1
ocloarec,1
msebregts,1
cy18,1
hickford,1
CarloGraziani,1
pag,1
danielsf,1
beckermr,1
ethankruse,1
DvdMgr,1
bartvstratum,1
nkoep,1
toddrme2178,1
fxthomas,1
papachoco,1
kyleabeauchamp,1
azrael05,1
ajcr,1
AndySchroder,1
link89,1
0mar,1
DavidKershaw,1
royf,1
sstikons,1
wendykan,1
jhrmnn,1
boscotsang,1
haojin2,1
alexsavio,1
ericenns,1
wcbeard,1
d-klein,1
daanreijnders,1
andreabedini,1
jamartinh,1
dadkins,1
samuel-72,1
yajiedesign,1
praphael,1
Newmu,1
idofr,1
DavidMertz,1
Hellcat1005,1
okomarov,1
louiswicker,1
lomereiter,1
SteliosFly,1
andsor,1
cjermain,1
ginomcevoy,1
kawochen,1
trampas,1
atomicpirate,1
arahlin,1
cytsai,1
dvarrazzo,1
MarkusPrim,1
nleehone,1
diPDew,1
rasoolfa,1
clemenshug,1
eyaler,1
stray-leone,1
pdunc,1
darck-neos,1
beam2d,1
endotak,1
krlk89,1
icycandy,1
baruchel,1
Seek,1
rgalarcia,1
arksch,1
slishak,1
shoeffner,1
madisonmay,1
likefrankie,1
qingbol,1
FilipeMaia,1
Arcitec,1
maynardGK,1
githubmlai,1
musically-ut,1
xuhdev,1
jankoslavic,1
iyer-arvind,1
sbenthall,1
eflister,1
JackKelly,1
vascotenner,1
leopd,1
kirbyevanj,1
santegoeds,1
Bernard-Couderc,1
lhknag,1
vanroeke,1
eddiepierce,1
JohnMCollins,1
jeanconn,1
HoniSanders,1
Condla,1
holdenweb,1
shackenberg,1
iurisegtovich,1
rubendv,1
abdulbudiaji,1
navytux,1
AngledLuffa,1
pmla,1
BenFrantzDale,1
sdamashek,1
ericctharley,1
fiftysevendegreesofrad,1
acjackson,1
mcgibbon,1
sylvainr,1
rfezzani,1
ppodolsky,1
frensjan,1
jordigh,1
rodrigo-castellon,1
limejet,1
christianbrodbeck,1
dewynternet101,1
Wainberg,1
ckald,1
ndawe,1
oam31,1
whoburg,1
hantek,1
berquist,1
Ogaday,1
zaccharieramzi,1
mjasher,1
dasimmet,1
chkothe,1
nrgolovich,1
pjoneja,1
ocean164347,1
MaximilianHoffmann,1
psinger,1
bskinn,1
aisthesis,1
lisa676,1
jarovo,1
OceanWolf,1
egpbos,1
josePhoenix,1
jhigbie,1
wmayner,1
Rishabhmishra328,1
bastula,1
aviramha,1
iuventus,1
evanpw,1
jakobgager,1
luispedro,1
dtrawins,1
ebolyen,1
zegzag,1
vrakesh,1
ecbftw,1
maciejkula,1
rashadkm,1
s0r2637,1
geekac,1
aherrmann,1
johnnychen94,1
cv3d,1
mrbell,1
ggf84,1
sonicsome2,1
vitiral,1
helderc,1
djrobust,1
johntyree,1
mtrbean,1
daidai21,1
nicain,1
grrrr,1
newville,1
blbradley,1
gabegaster,1
aloctavodia,1
cjwilliams43,1
endisway,1
clemens87,1
vallis,1
ahjulstad,1
bartolsthoorn,1
dschallis,1
sgouezel,1
wise-dachshund,1
r2007,1
0532,1
abdulmuneer,1
JacksonTanBS,1
muratetm,1
mcarans,1
dinosg,1
stsci-sienkiew,1
rnelsonchem,1
creasyw,1
tychung84,1
wangnanwei,1
AdenKoperczak,1
tcwalther,1
o-smirnov,1
hsgg,1
maniteja123,1
abinramapuram,1
FireLabSoftware,1
Dunes,1
jpiabrantes,1
shrx,1
arve0,1
PanderMusubi,1
gaoyuankidult,1
gabraganca,1
minhlab,1
alexforencich,1
fmatthew5876,1
hensing,1
justhalf,1
mohitanand001,1
yaroslavvb,1
jstarsky,1
Midnighter,1
pduch,1
elendiastarman,1
mousomer,1
chrisprobert,1
jbzdak,1
juliensiebert,1
liupengyuan,1
dpinsard,1
yorklee70,1
markshannon,1
Chris-Field,1
markwmuller,1
lgautier,1
jamesresearching,1
kester-habermann,1
kalvdans,1
edisongustavo,1
Coincoin35,1
Alexpux,1
luisdiaz1997,1
drandreasdr,1
chrislong,1
cbrueffer,1
mnfienen,1
nikhilmishra000,1
siedentop,1
dominikgrimm,1
kilowu,1
seth-p,1
LeartS,1
bpires-ualberta,1
alexalemi,1
cocuh,1
juanfal,1
csouza0804,1
yotam,1
Veedrac,1
palob,1
jrjohansson,1
bgodard,1
syrte,1
fnino,1
ebw44,1
Micy1919,1
nbecker,1
wenzao,1
omega3948,1
jstenar,1
alkarimlalani,1
gkenway,1
sdrave,1
EricPascolo,1
Njallnir,1
s-udhaya,1
jbachan,1
richardsheridan,1
pratapbhanu,1
elegantcoin,1
malreddy,1
nhmc,1
BalticPinguin,1
nuwan600,1
parkus,1
dabuahoid,1
dolaameng,1
chemnteach,1
jesseengel,1
ionelmc,1
joanpau,1
rbradfield,1
peterlama,1
mesilliac,1
a6073758,1
godber,1
corrado9999,1
bgrant,1
cpcloud,1
bam54,1
gaberosser,1
braindevices,1
LeeKamentsky,1
wow-meow-ai,1
stephentu,1
AndreasMadsen,1
habibrosyad,1
Dakkers,1
xakni1,1
bennahugo,1
kasal,1
jankatins,1
chrism2671,1
durack1,1
crisrab,1
eyurtsev,1
frozflame,1
rmacian,1
183amir,1
picgallo,1
ppeder08,1
ewan1983,1
RorySmith,1
madsbk,1
depristo,1
manuelafm,1
OscarVanL,1
SashaOv,1
isaxs,1
hadim,1
andyjost,1
healther,1
fz0dbx,1
naesseth,1
omerlevy,1
st-pasha,1
slee0,1
gauteh,1
ruema,1
xflr6,1
ifriad,1
Lysovenko,1
jose8789,1
matze,1
estevopaz,1
briancheung,1
Eric-Li-7,1
jbwhit,1
sebp,1
foogod,1
ogh,1
dburkhardt,1
vnoel,1
valerio11,1
vgweirs,1
GFuhr,1
mailoszyarr,1
ghorn,1
odysseus9672,1
rajkrpan,1
nroth0815,1
janrito,1
jprafael,1
JustM57,1
aiyanxiao,1
bshanks,1
ziploc1010,1
samueljohn,1
tintedFrantic,1
jpwhite4,1
SylvainCorlay,1
nicktimko,1
newtover,1
AlexGKim,1
pengyu,1
cycomanic,1
melven,1
d1618033,1
EelcoHoogendoorn,1
stefraynaud,1
felixgao,1
bjonen,1
bensondaled,1
ssullivangh,1
msfsx1,1
yotama9,1
sp7412,1
charliekwok,1
MichaelAdello,1
scottransom,1
hjelmare,1
jove1,1
insertinterestingnamehere,1
bdkearns,1
Luca-Stef,1
ychaouche,1
MarcCote,1
agustinhaller,1
meawoppl,1
phillipberndt,1
xnx,1
fehiepsi,1
sandy-lcq,1
thoglu,1
rlhelinski,1
demitri,1
ahmadia,1
cli248,1
rviger-usgs,1
leeping,1
buggywhip,1
jennystone,1
miguelbarao,1
risa2000,1
gabobert,1
peliot,1
jbaksta,1
bryanwweber,1
bsxfan,1
ckuehne,1
FreddieWitherden,1
nooperpudd,1
dfrusdn,1
lesshaste,1
tebeka,1
madflow,1
hiaselhans,1
phorsfall,1
msperlich,1
eraoul,1
FoxerLee,1
zaindar,1
hgrecco,1
payne92,1
rmccampbell,1
mannion9,1
ratelimited,1
boazdori,1
mhubble,1
milibopp,1
vcleniukBHS,1
jucor,1
ankit-maverick,1
venuktan,1
byogi06,1
facundoq,1
Honghe,1
bbudescu,1
garaud,1
antonl,1
astraw,1
816-8055,1
Jim-Holmstroem,1
davidosterberg,1
evanseitz,1
mariusalexander,1
mwellons414,1
derekbrokeit,1
lanzz,1
adrew0809,1
RJVB,1
TomasTomecek,1
azylstra,1
pkgw,1
arbitraryvalue,1
thoppe,1
t0ejammer,1
ayr0,1
lpinner,1
andrewpchester,1
heiskr,1
GBULLR,1
yw5aj,1
deeplycloudy,1
venthur,1
banfelder,1
joshayers,1
ebaumer,1
potyt,1
ghackebeil,1
magistere,1
rsivapr,1
Yangqing,1
edwardrjtaylor,1
Dologan,1
abruneton,1
mjigmond,1
brian-the-bungler,1
zyv,1
anishek,1
pepalogik,1
hayd,1
delmic,1
iamorim,1
itaiin,1
dmuellner,1
medphisiker,1
justinvf-zz,1
ellbur,1
ProkopHapala,1
thearn,1
dlangenk,1
SiMar55,1
cmosig,1
jmozmoz,1
obgorelyi,1
mrwojtek,1
brianthelion,1
anothermatthewmiller,1
m-d-w,1
pbrkr,1
arkottke,1
twmr,1
vene,1
gbiavati,1
kelidas,1
playcoin,1
valhallasw,1
kijoshua,1
jnlanl,1
jpiccoli,1
agdijkstra,1
KolesovDmitry,1
jeffrey-guy-lyon,1
giovanni-rosotti,1
hillierdani,1
selasley,1
ebressert,1
PythonCHB,1
braid3,1
WimWWimW,1
alex-me,1
Duzexia,1
0todd0000,1
ispmarin,1
akikan,1
jehuelsm,1
pavle,1
benmoran,1
yha,1
cpascual,1
tyleha,1
hamogu,1
ivanov,1
mvogelsb,1
julien-diener,1
famfop,1
saffsd,1
goyodiaz,1
JDWarner,1
pjdon,1
umvarma,1
dstuebe,1
hiddenspirit,1
akesandgren,1
j8spencer,1
mcahn,1
tjanez,1
kaungsgit,1
hughesadam87,1
cm-,1
jashandeep-sohi,1
TormodLandet,1
bmu,1
Gitusername,1
ovillellas,1
stephenwlin,1
ubershmekel,1
asaluja,1
schwancr,1
redbaron,1
Veence,1
x2b,1
ghjim,1
dmcdougall,1
dmvianna,1
mbochow,1
dannyjeck,1
SjoerdOptLand,1
linyaa-kiwi,1
jasonzutty,1
Asa-Nisi-Masa,1
guillaumedavidphd,1
AstroFloyd,1
olegsinavski,1
kimkimsh,1
josef-pkt,1
cottrell,1
emprice,1
Erdaron,1
simon-r,1
Gr8Scott,1
amschne,1
QuestionPy,1
nicoschmidt,1
hankhank,1
abingham,1
AnonymousPlayer2000,1
bgamari,1
serre-lab,1
rmcgibbo,1
norapap,1
tjligocki-lbl,1
pshchelo,1
DavidBloomfield,1
codeman101,1
timmie,1
b45ch1,1
wesm,1
pmarshwx,1
glyg,1
lundj,1
ElmWer,1
lucastheisen,1
bblay,1
loujine,1
jordan-melendez,1
bodtc,1
jspreston,1
vizowl,1
kernc,1
jwoillez,1
dhirschfeld,1
gglanzani,1
philhodge,1
martingoodson,1
agijsberts,1
kobejohn,1
mapio,1
